{"type":"Feature","properties":{"name":"Choke Mountain Watershed","source":"cmw_max_boundary_wgs.shp","area_km2":18948.0,"points":6688},"geometry":{"type":"Polygon","coordinates":[[[37.03323,10.28958],[37.03322,10.29132],[37.03861,10.29135],[37.03859,10.29332],[37.03831,10.29332],[37.0383,10.29444],[37.03859,10.29444],[37.03858,10.29528],[37.0383,10.29528],[37.0383,10.29556],[37.03801,10.29556],[37.03801,10.29612],[37.03829,10.29612],[37.03829,10.2964],[37.03857,10.29641],[37.03857,10.29697],[37.03885,10.29697],[37.03885,10.29753],[37.03913,10.29753],[37.03913,10.29866],[37.03941,10.29866],[37.03941,10.29894],[37.03969,10.29894],[37.03969,10.29922],[37.03941,10.29922],[37.0394,10.29978],[37.03969,10.29978],[37.03968,10.30091],[37.03968,10.30119],[37.0394,10.30119],[37.03939,10.30203],[37.03911,10.30203],[37.0391,10.30259],[37.03939,10.30259],[37.03938,10.30287],[37.03967,10.30287],[37.03967,10.30315],[37.03995,10.30316],[37.03995,10.30372],[37.04023,10.30372],[37.04023,10.30456],[37.04051,10.30456],[37.04051,10.30484],[37.04022,10.30484],[37.04021,10.30737],[37.04049,10.30737],[37.04049,10.30765],[37.04077,10.30765],[37.04075,10.31074],[37.04047,10.31074],[37.04047,10.31158],[37.04075,10.31159],[37.04074,10.31299],[37.04046,10.31299],[37.04045,10.31327],[37.04074,10.31327],[37.04074,10.31355],[37.04102,10.31355],[37.04102,10.31383],[37.0413,10.31384],[37.0413,10.31412],[37.04215,10.31412],[37.04214,10.31581],[37.04129,10.3158],[37.04128,10.31749],[37.041,10.31749],[37.04099,10.31805],[37.04071,10.31805],[37.04071,10.31833],[37.04042,10.31832],[37.04042,10.31861],[37.04014,10.3186],[37.04014,10.31888],[37.03957,10.31888],[37.03957,10.31916],[37.03872,10.31916],[37.03871,10.31944],[37.03843,10.31944],[37.03843,10.31916],[37.03815,10.31915],[37.03815,10.31943],[37.03786,10.31943],[37.03786,10.31971],[37.03758,10.31971],[37.03757,10.32112],[37.03672,10.32111],[37.03672,10.32167],[37.03643,10.32167],[37.03643,10.32251],[37.03614,10.32251],[37.03614,10.32335],[37.03642,10.32336],[37.03642,10.32392],[37.0367,10.32392],[37.0367,10.32448],[37.03727,10.32448],[37.03725,10.32673],[37.03498,10.32672],[37.03498,10.32728],[37.0347,10.32728],[37.03469,10.32756],[37.03356,10.32755],[37.03356,10.32699],[37.03328,10.32699],[37.03328,10.32671],[37.033,10.32671],[37.033,10.32642],[37.03272,10.32642],[37.03272,10.32614],[37.03102,10.32613],[37.03101,10.32641],[37.03016,10.32641],[37.03016,10.32669],[37.02931,10.32668],[37.02931,10.32696],[37.02902,10.32696],[37.02902,10.32724],[37.02874,10.32724],[37.02874,10.32696],[37.02846,10.32696],[37.02846,10.32668],[37.02732,10.32667],[37.02732,10.32751],[37.02562,10.3275],[37.02562,10.32778],[37.02477,10.32778],[37.02477,10.3275],[37.0242,10.32749],[37.0242,10.32777],[37.02391,10.32777],[37.02391,10.32805],[37.02335,10.32805],[37.02335,10.32777],[37.02306,10.32777],[37.02307,10.32749],[37.0225,10.32748],[37.0225,10.32776],[37.02221,10.32776],[37.02221,10.32804],[37.02164,10.32804],[37.02164,10.32832],[37.02136,10.32832],[37.02135,10.32916],[37.02164,10.32916],[37.02163,10.32972],[37.02135,10.32972],[37.02135,10.33028],[37.02106,10.33028],[37.02106,10.33113],[37.02134,10.33113],[37.02134,10.33169],[37.02162,10.33169],[37.02162,10.33197],[37.0219,10.33197],[37.0219,10.3331],[37.02218,10.3331],[37.02218,10.33338],[37.02274,10.33338],[37.02274,10.33423],[37.02302,10.33423],[37.02302,10.33451],[37.02331,10.33451],[37.02329,10.33648],[37.02358,10.33648],[37.02357,10.33732],[37.02385,10.33732],[37.02385,10.33873],[37.02356,10.33872],[37.02356,10.339],[37.02299,10.339],[37.02299,10.33956],[37.02271,10.33956],[37.0227,10.33984],[37.02242,10.33984],[37.02242,10.3404],[37.02213,10.3404],[37.02213,10.34096],[37.02185,10.34096],[37.02184,10.34124],[37.02128,10.34124],[37.02128,10.34152],[37.02099,10.34152],[37.02099,10.34208],[37.02014,10.34207],[37.02014,10.34235],[37.01787,10.34234],[37.01787,10.34206],[37.01759,10.34206],[37.01759,10.34178],[37.01674,10.34177],[37.01673,10.34261],[37.01588,10.34261],[37.01588,10.34233],[37.01531,10.34232],[37.01531,10.34261],[37.01503,10.3426],[37.01503,10.34288],[37.01474,10.34288],[37.01474,10.34316],[37.01389,10.34316],[37.01389,10.34344],[37.01361,10.34344],[37.0136,10.344],[37.01389,10.344],[37.01388,10.34456],[37.01303,10.34456],[37.01303,10.34484],[37.01275,10.34484],[37.01274,10.34596],[37.01246,10.34596],[37.01245,10.3468],[37.01273,10.3468],[37.01272,10.34821],[37.01329,10.34821],[37.01329,10.34849],[37.01386,10.34849],[37.01386,10.34878],[37.01414,10.34878],[37.01413,10.35074],[37.01384,10.35074],[37.01384,10.35102],[37.01356,10.35102],[37.01355,10.35186],[37.01327,10.35186],[37.01327,10.35242],[37.01355,10.35242],[37.01355,10.35271],[37.01326,10.3527],[37.01326,10.35298],[37.01269,10.35298],[37.01269,10.35326],[37.01213,10.35326],[37.01212,10.35382],[37.01184,10.35382],[37.01183,10.3555],[37.01211,10.3555],[37.01211,10.35579],[37.01211,10.35607],[37.01069,10.35606],[37.01069,10.35634],[37.01097,10.35634],[37.01097,10.35662],[37.01069,10.35662],[37.01068,10.3569],[37.0104,10.3569],[37.0104,10.35746],[37.01011,10.35746],[37.01011,10.35802],[37.00954,10.35802],[37.00954,10.3583],[37.00982,10.3583],[37.00982,10.35886],[37.0101,10.35886],[37.0101,10.35942],[37.00982,10.35942],[37.00981,10.36026],[37.0101,10.36027],[37.01009,10.36083],[37.00981,10.36083],[37.0098,10.36139],[37.00952,10.36139],[37.00952,10.36167],[37.00924,10.36167],[37.00923,10.36335],[37.00866,10.36335],[37.00866,10.36363],[37.00837,10.36363],[37.00837,10.36447],[37.0078,10.36447],[37.0078,10.36503],[37.00836,10.36503],[37.00836,10.36531],[37.00893,10.36531],[37.00893,10.3656],[37.00921,10.3656],[37.0092,10.367],[37.00949,10.367],[37.00948,10.36728],[37.0092,10.36728],[37.0092,10.36784],[37.00891,10.36784],[37.0089,10.36981],[37.00918,10.36981],[37.00918,10.37065],[37.00946,10.37065],[37.00946,10.37094],[37.00974,10.37094],[37.00974,10.37122],[37.01003,10.37122],[37.01002,10.3715],[37.01031,10.3715],[37.01031,10.37122],[37.01088,10.37122],[37.01087,10.37179],[37.01144,10.37179],[37.01144,10.37207],[37.01201,10.37207],[37.01201,10.37236],[37.01229,10.37236],[37.01229,10.37292],[37.01285,10.37292],[37.01285,10.3732],[37.01399,10.37321],[37.01398,10.37349],[37.01427,10.37349],[37.01427,10.37377],[37.01483,10.37378],[37.01483,10.37406],[37.0154,10.37406],[37.0154,10.37434],[37.01625,10.37435],[37.01625,10.37463],[37.01653,10.37463],[37.01653,10.37491],[37.01681,10.37491],[37.01681,10.37519],[37.01709,10.3752],[37.01709,10.37576],[37.01794,10.37576],[37.01794,10.37604],[37.01822,10.37604],[37.01822,10.37661],[37.0185,10.37661],[37.0185,10.37689],[37.01878,10.37689],[37.01878,10.37717],[37.01907,10.37717],[37.01906,10.37745],[37.0202,10.37746],[37.0202,10.37774],[37.02048,10.37774],[37.02048,10.37802],[37.02076,10.37803],[37.02076,10.37915],[37.02104,10.37915],[37.02104,10.37943],[37.02132,10.37943],[37.02132,10.37971],[37.02189,10.37972],[37.02189,10.38],[37.02245,10.38],[37.02245,10.38028],[37.02273,10.38029],[37.02273,10.38057],[37.02358,10.38057],[37.02358,10.38085],[37.02443,10.38086],[37.02443,10.38114],[37.02471,10.38114],[37.02471,10.38142],[37.025,10.38142],[37.02499,10.38198],[37.02528,10.38199],[37.02528,10.38227],[37.02556,10.38227],[37.02556,10.38283],[37.02641,10.38284],[37.0264,10.3834],[37.02669,10.3834],[37.02668,10.38396],[37.02697,10.38396],[37.02696,10.38424],[37.02725,10.38424],[37.02725,10.38453],[37.02753,10.38453],[37.02753,10.38481],[37.02781,10.38481],[37.02781,10.38537],[37.02809,10.38537],[37.02809,10.38565],[37.02837,10.38566],[37.02837,10.38594],[37.02894,10.38594],[37.02894,10.3865],[37.02922,10.3865],[37.02922,10.38678],[37.03007,10.38679],[37.03007,10.38735],[37.03035,10.38735],[37.03035,10.38792],[37.03063,10.38792],[37.03063,10.3882],[37.03091,10.3882],[37.03091,10.38876],[37.03119,10.38876],[37.03119,10.38904],[37.03147,10.38905],[37.03147,10.38961],[37.03175,10.38961],[37.03175,10.38989],[37.03232,10.38989],[37.03232,10.39045],[37.0326,10.39046],[37.0326,10.39074],[37.03288,10.39074],[37.03288,10.39102],[37.03316,10.39102],[37.03316,10.3913],[37.03345,10.3913],[37.03344,10.39159],[37.03401,10.39159],[37.03401,10.39187],[37.03429,10.39187],[37.03429,10.39243],[37.03457,10.39243],[37.03457,10.39272],[37.03514,10.39272],[37.03514,10.39328],[37.03542,10.39328],[37.03542,10.39356],[37.0357,10.39356],[37.0357,10.39385],[37.03598,10.39385],[37.03598,10.39413],[37.03655,10.39413],[37.03655,10.39441],[37.03683,10.39441],[37.03683,10.3947],[37.03711,10.3947],[37.03711,10.39498],[37.03739,10.39498],[37.03739,10.39526],[37.03768,10.39526],[37.03767,10.39554],[37.03881,10.39555],[37.03881,10.39583],[37.03937,10.39583],[37.03938,10.39555],[37.03994,10.39556],[37.03994,10.39584],[37.04023,10.39584],[37.04022,10.39612],[37.04051,10.39612],[37.0405,10.39668],[37.04079,10.39669],[37.04078,10.39725],[37.04135,10.39725],[37.04135,10.39781],[37.04163,10.39781],[37.04163,10.39809],[37.04191,10.3981],[37.04191,10.39838],[37.0422,10.39838],[37.04219,10.3995],[37.04304,10.39951],[37.04304,10.39979],[37.04417,10.3998],[37.04417,10.40064],[37.04445,10.40064],[37.04445,10.40092],[37.04558,10.40093],[37.04558,10.40121],[37.04587,10.40121],[37.04586,10.40205],[37.04614,10.40205],[37.04614,10.4029],[37.04642,10.4029],[37.04642,10.40318],[37.0467,10.40318],[37.0467,10.40374],[37.04699,10.40374],[37.04698,10.40403],[37.04727,10.40403],[37.04726,10.40487],[37.04669,10.40487],[37.04669,10.40515],[37.04641,10.40515],[37.04641,10.40543],[37.04669,10.40543],[37.04669,10.40599],[37.04612,10.40599],[37.04611,10.40683],[37.04668,10.40683],[37.04668,10.40767],[37.04696,10.40768],[37.04696,10.40852],[37.04667,10.40852],[37.04666,10.41076],[37.04637,10.41076],[37.04637,10.41132],[37.04609,10.41132],[37.04609,10.4116],[37.04552,10.4116],[37.04552,10.41188],[37.04523,10.41188],[37.04523,10.41244],[37.04466,10.41244],[37.04466,10.41272],[37.04381,10.41271],[37.04381,10.41299],[37.04352,10.41299],[37.04352,10.41355],[37.04324,10.41355],[37.04323,10.41411],[37.04352,10.41412],[37.04351,10.41496],[37.04294,10.41495],[37.04294,10.41608],[37.04265,10.41608],[37.04265,10.41579],[37.04237,10.41579],[37.04237,10.41664],[37.04208,10.41663],[37.04208,10.41691],[37.04151,10.41691],[37.04151,10.41747],[37.04066,10.41747],[37.04066,10.41775],[37.03952,10.41774],[37.03952,10.41746],[37.03924,10.41746],[37.03923,10.41858],[37.03952,10.41858],[37.03951,10.41915],[37.0398,10.41915],[37.03979,10.41943],[37.04093,10.41944],[37.04093,10.41972],[37.04121,10.41972],[37.04121,10.42028],[37.04263,10.42029],[37.04262,10.42085],[37.04291,10.42085],[37.0429,10.42113],[37.04319,10.42113],[37.04319,10.4217],[37.04404,10.4217],[37.04403,10.42198],[37.04489,10.42199],[37.04488,10.42227],[37.04517,10.42227],[37.04517,10.42255],[37.04545,10.42255],[37.04544,10.42396],[37.04572,10.42396],[37.04572,10.42424],[37.04601,10.42424],[37.046,10.4248],[37.04629,10.4248],[37.04628,10.42509],[37.04657,10.42509],[37.04657,10.42537],[37.04685,10.42537],[37.04685,10.42593],[37.04656,10.42593],[37.04656,10.42677],[37.04627,10.42677],[37.04627,10.42761],[37.04599,10.42761],[37.04598,10.42845],[37.04655,10.42846],[37.04655,10.42874],[37.04683,10.42874],[37.04683,10.4293],[37.04711,10.4293],[37.04711,10.42986],[37.04654,10.42986],[37.04653,10.43127],[37.04625,10.43126],[37.04596,10.43126],[37.04596,10.43182],[37.04568,10.43182],[37.04567,10.4321],[37.04539,10.4321],[37.04539,10.43182],[37.04482,10.43182],[37.04483,10.43126],[37.04426,10.43125],[37.04426,10.43097],[37.04341,10.43097],[37.04341,10.43068],[37.04228,10.43068],[37.04228,10.43096],[37.04199,10.43096],[37.04198,10.43264],[37.04141,10.43264],[37.04141,10.43376],[37.04112,10.43376],[37.04112,10.4346],[37.04055,10.4346],[37.04055,10.43432],[37.0397,10.43431],[37.0397,10.43459],[37.03942,10.43459],[37.03941,10.43515],[37.03913,10.43515],[37.03913,10.43571],[37.03998,10.43572],[37.03997,10.436],[37.04026,10.436],[37.04025,10.43684],[37.04054,10.43685],[37.04054,10.43713],[37.04082,10.43713],[37.04082,10.43741],[37.04053,10.43741],[37.04053,10.43797],[37.04081,10.43797],[37.04081,10.43881],[37.04052,10.43881],[37.04052,10.43909],[37.03967,10.43909],[37.03967,10.43965],[37.03938,10.43965],[37.03938,10.43993],[37.03853,10.43992],[37.03853,10.4402],[37.03825,10.4402],[37.03824,10.44104],[37.03796,10.44104],[37.03796,10.44132],[37.03767,10.44132],[37.03767,10.44104],[37.03711,10.44104],[37.0371,10.44132],[37.03654,10.44132],[37.03654,10.44075],[37.03626,10.44075],[37.03625,10.44103],[37.03569,10.44103],[37.03569,10.44131],[37.0354,10.44131],[37.0354,10.44159],[37.03512,10.44159],[37.03511,10.44243],[37.03426,10.44242],[37.03426,10.44271],[37.03397,10.4427],[37.03397,10.44298],[37.03341,10.44298],[37.0334,10.44326],[37.03312,10.44326],[37.03311,10.4441],[37.03283,10.4441],[37.03283,10.44438],[37.0334,10.44439],[37.03339,10.44467],[37.03368,10.44467],[37.03368,10.44495],[37.03396,10.44495],[37.03395,10.44579],[37.03424,10.44579],[37.03423,10.44664],[37.03452,10.44664],[37.03452,10.44636],[37.0348,10.44636],[37.0348,10.44664],[37.03508,10.44664],[37.03508,10.44748],[37.03565,10.44749],[37.03564,10.44777],[37.03621,10.44777],[37.03621,10.44805],[37.03649,10.44806],[37.03649,10.44918],[37.03592,10.44918],[37.03592,10.44946],[37.03507,10.44945],[37.03506,10.45001],[37.03364,10.45],[37.03365,10.44972],[37.03336,10.44972],[37.03336,10.45084],[37.03307,10.45084],[37.03307,10.4514],[37.03278,10.4514],[37.03278,10.45168],[37.0325,10.45168],[37.0325,10.45196],[37.03278,10.45196],[37.03278,10.45225],[37.03306,10.45225],[37.03306,10.45281],[37.03249,10.45281],[37.03249,10.45337],[37.0322,10.45337],[37.0322,10.45365],[37.03164,10.45364],[37.03164,10.45336],[37.03079,10.45336],[37.03079,10.45308],[37.0305,10.45307],[37.03051,10.45279],[37.02994,10.45279],[37.02994,10.45307],[37.02937,10.45307],[37.02937,10.45335],[37.02908,10.45335],[37.02907,10.45475],[37.02879,10.45475],[37.02879,10.45503],[37.02907,10.45503],[37.02907,10.45559],[37.02935,10.45559],[37.02935,10.45616],[37.02907,10.45615],[37.02906,10.45644],[37.02878,10.45643],[37.02878,10.45671],[37.02849,10.45671],[37.02849,10.45727],[37.02821,10.45727],[37.0282,10.45783],[37.02792,10.45783],[37.02792,10.45811],[37.02763,10.45811],[37.02763,10.45839],[37.02792,10.45839],[37.02791,10.4598],[37.02762,10.4598],[37.02762,10.46036],[37.0279,10.46036],[37.0279,10.46092],[37.02818,10.46092],[37.02818,10.46177],[37.0279,10.46176],[37.02789,10.46204],[37.02761,10.46204],[37.0276,10.46345],[37.02732,10.46345],[37.02731,10.46401],[37.02788,10.46401],[37.02788,10.46429],[37.0276,10.46429],[37.02759,10.46457],[37.02731,10.46457],[37.02731,10.46485],[37.02702,10.46485],[37.02702,10.46513],[37.02617,10.46512],[37.02617,10.4654],[37.0256,10.4654],[37.02559,10.46709],[37.02502,10.46708],[37.02503,10.4668],[37.02446,10.4668],[37.02445,10.46792],[37.02474,10.46792],[37.02473,10.46905],[37.02444,10.46904],[37.02444,10.46933],[37.02473,10.46933],[37.02472,10.47017],[37.025,10.47017],[37.025,10.47045],[37.02472,10.47045],[37.02472,10.47101],[37.02443,10.47101],[37.02443,10.47129],[37.02415,10.47129],[37.02414,10.47157],[37.02386,10.47157],[37.02386,10.47185],[37.02358,10.47185],[37.02357,10.47213],[37.02386,10.47213],[37.02385,10.47269],[37.02414,10.47269],[37.02413,10.47354],[37.02442,10.47354],[37.02441,10.47382],[37.0247,10.47382],[37.0247,10.4741],[37.02498,10.4741],[37.02497,10.47579],[37.02469,10.47579],[37.02468,10.47635],[37.0244,10.47635],[37.02438,10.47859],[37.0241,10.47859],[37.0241,10.47915],[37.02438,10.47916],[37.02438,10.47944],[37.02466,10.47944],[37.02466,10.48],[37.02494,10.48],[37.02494,10.48028],[37.02466,10.48028],[37.02466,10.48056],[37.02522,10.48056],[37.02522,10.48085],[37.0255,10.48085],[37.0255,10.48141],[37.02522,10.48141],[37.02522,10.48169],[37.02493,10.48169],[37.02493,10.48197],[37.02436,10.48196],[37.02436,10.48168],[37.02408,10.48168],[37.02408,10.48252],[37.02351,10.48252],[37.02351,10.4828],[37.02322,10.4828],[37.02322,10.48392],[37.02293,10.48392],[37.02293,10.48448],[37.02321,10.48448],[37.0232,10.48561],[37.02349,10.48561],[37.02349,10.48589],[37.02491,10.4859],[37.0249,10.48618],[37.02575,10.48618],[37.02575,10.48647],[37.0266,10.48647],[37.0266,10.48675],[37.02717,10.48676],[37.02717,10.48647],[37.02746,10.48648],[37.02746,10.4862],[37.02802,10.4862],[37.02803,10.48592],[37.02888,10.48592],[37.02888,10.48564],[37.02945,10.48565],[37.02945,10.48537],[37.02973,10.48537],[37.02973,10.48565],[37.03001,10.48565],[37.03002,10.48537],[37.03058,10.48537],[37.03115,10.48538],[37.03115,10.48566],[37.03143,10.48566],[37.03143,10.48622],[37.032,10.48622],[37.032,10.4865],[37.03228,10.48651],[37.03227,10.48735],[37.03256,10.48735],[37.03256,10.48763],[37.03227,10.48763],[37.03226,10.48903],[37.03255,10.48904],[37.03254,10.49016],[37.03226,10.49016],[37.03225,10.49072],[37.03254,10.49072],[37.03253,10.49128],[37.03225,10.49128],[37.03225,10.49156],[37.03196,10.49156],[37.03196,10.49268],[37.03224,10.49268],[37.03224,10.49297],[37.03252,10.49297],[37.03252,10.49325],[37.03224,10.49325],[37.03223,10.49381],[37.03167,10.4938],[37.03166,10.49465],[37.03194,10.49465],[37.03194,10.49549],[37.03166,10.49549],[37.03165,10.49577],[37.03194,10.49577],[37.03194,10.49605],[37.03222,10.49605],[37.03222,10.49634],[37.03193,10.49633],[37.03193,10.49661],[37.03222,10.49662],[37.03221,10.49718],[37.0325,10.49718],[37.03249,10.49746],[37.03221,10.49746],[37.03221,10.49774],[37.03192,10.49774],[37.03192,10.49802],[37.03136,10.49802],[37.03135,10.4983],[37.03107,10.49829],[37.03107,10.49858],[37.03135,10.49858],[37.03135,10.49886],[37.03192,10.49886],[37.03191,10.4997],[37.0322,10.49971],[37.03219,10.50027],[37.03248,10.50027],[37.03247,10.50055],[37.03276,10.50055],[37.03276,10.50083],[37.03304,10.50083],[37.03304,10.50112],[37.03332,10.50112],[37.03332,10.50224],[37.03303,10.50224],[37.03303,10.50252],[37.03331,10.50252],[37.03331,10.5028],[37.03388,10.50281],[37.03388,10.50252],[37.03416,10.50253],[37.03416,10.50281],[37.03445,10.50281],[37.03445,10.50253],[37.03502,10.50253],[37.03501,10.50281],[37.0353,10.50281],[37.0353,10.5031],[37.03558,10.5031],[37.03557,10.50422],[37.03586,10.50422],[37.03585,10.50506],[37.0367,10.50507],[37.0367,10.50479],[37.03784,10.5048],[37.03784,10.50452],[37.03926,10.50452],[37.03926,10.5048],[37.03954,10.50481],[37.03954,10.50453],[37.04011,10.50453],[37.04011,10.50425],[37.04153,10.50426],[37.04153,10.50454],[37.0421,10.50454],[37.0421,10.50482],[37.04266,10.50483],[37.04267,10.50454],[37.04295,10.50455],[37.04295,10.50483],[37.04352,10.50483],[37.04352,10.50455],[37.04408,10.50455],[37.04408,10.50483],[37.04437,10.50484],[37.04436,10.50512],[37.0438,10.50511],[37.04379,10.50624],[37.04493,10.50624],[37.04492,10.50652],[37.04577,10.50653],[37.04577,10.50737],[37.04549,10.50737],[37.04548,10.50849],[37.04576,10.5085],[37.04576,10.50962],[37.04632,10.50962],[37.04632,10.5099],[37.04661,10.50991],[37.0466,10.51075],[37.04773,10.51075],[37.04773,10.51132],[37.04802,10.51132],[37.04801,10.51188],[37.0483,10.51188],[37.04829,10.51216],[37.04858,10.51216],[37.04857,10.51273],[37.04914,10.51273],[37.04914,10.51329],[37.04942,10.51329],[37.04942,10.51385],[37.0497,10.51386],[37.0497,10.51414],[37.04998,10.51414],[37.04998,10.5147],[37.05026,10.5147],[37.05026,10.51498],[37.05055,10.51499],[37.05054,10.51527],[37.0514,10.51527],[37.05139,10.51611],[37.05196,10.51612],[37.05196,10.51584],[37.05224,10.51584],[37.05225,10.51556],[37.05281,10.51556],[37.05281,10.51584],[37.0531,10.51584],[37.05309,10.51612],[37.05338,10.51613],[37.05338,10.51641],[37.05366,10.51641],[37.05366,10.51669],[37.05423,10.51669],[37.05422,10.51697],[37.05479,10.51698],[37.05479,10.51726],[37.05536,10.51726],[37.05535,10.51754],[37.05592,10.51755],[37.05592,10.51811],[37.0562,10.51811],[37.0562,10.51839],[37.05734,10.5184],[37.05734,10.51812],[37.05791,10.51812],[37.05791,10.51756],[37.05904,10.51756],[37.05904,10.51785],[37.05933,10.51785],[37.05932,10.51897],[37.0596,10.51897],[37.0596,10.51925],[37.05989,10.51926],[37.05988,10.51982],[37.06017,10.51982],[37.06016,10.5201],[37.06045,10.5201],[37.06044,10.52066],[37.06073,10.52066],[37.06072,10.52123],[37.05959,10.52122],[37.05959,10.52178],[37.05987,10.52178],[37.05987,10.52206],[37.06015,10.52207],[37.06015,10.52235],[37.061,10.52235],[37.061,10.52263],[37.06072,10.52263],[37.06071,10.52319],[37.06043,10.52319],[37.06042,10.52375],[37.06014,10.52375],[37.06014,10.52431],[37.05985,10.52431],[37.05985,10.52459],[37.05957,10.52459],[37.05957,10.52487],[37.05928,10.52487],[37.05928,10.52515],[37.05956,10.52515],[37.05956,10.52543],[37.05985,10.52543],[37.05984,10.52628],[37.05956,10.52627],[37.05956,10.52656],[37.05984,10.52656],[37.05984,10.52684],[37.06069,10.52684],[37.06069,10.52712],[37.06125,10.52713],[37.06126,10.52685],[37.06154,10.52685],[37.06154,10.52713],[37.06182,10.52713],[37.06182,10.52825],[37.06153,10.52825],[37.06153,10.5291],[37.06209,10.5291],[37.06209,10.52938],[37.06238,10.52938],[37.06237,10.52994],[37.06209,10.52994],[37.06208,10.53135],[37.06236,10.53135],[37.06236,10.53191],[37.06264,10.53191],[37.06264,10.53219],[37.06293,10.53219],[37.06293,10.53191],[37.06406,10.53192],[37.06406,10.53248],[37.06349,10.53248],[37.06349,10.53276],[37.06321,10.53276],[37.0632,10.5336],[37.06292,10.5336],[37.06291,10.53556],[37.06404,10.53557],[37.06404,10.53585],[37.06461,10.53585],[37.06461,10.53557],[37.06546,10.53558],[37.06546,10.53586],[37.06603,10.53586],[37.06602,10.53699],[37.0663,10.53699],[37.0663,10.53783],[37.06545,10.53783],[37.06544,10.53923],[37.06572,10.53923],[37.06572,10.54007],[37.06543,10.54007],[37.06543,10.54092],[37.06514,10.54091],[37.06514,10.54176],[37.0657,10.54176],[37.0657,10.54288],[37.06598,10.54288],[37.06598,10.54345],[37.06626,10.54345],[37.06626,10.54373],[37.06598,10.54373],[37.06597,10.54429],[37.06626,10.54429],[37.06625,10.54457],[37.06654,10.54457],[37.06654,10.54513],[37.06625,10.54513],[37.06624,10.54626],[37.06653,10.54626],[37.06653,10.54654],[37.06709,10.54654],[37.06709,10.54682],[37.06766,10.54683],[37.06766,10.54655],[37.0688,10.54655],[37.0688,10.54627],[37.06937,10.54628],[37.06937,10.54599],[37.06994,10.546],[37.06993,10.54628],[37.07022,10.54628],[37.07021,10.5474],[37.06993,10.5474],[37.06993,10.54768],[37.06964,10.54768],[37.06964,10.54824],[37.06935,10.54824],[37.06935,10.54852],[37.06878,10.54852],[37.06879,10.54824],[37.0685,10.54824],[37.0685,10.54852],[37.06793,10.54851],[37.06793,10.54879],[37.06765,10.54879],[37.06764,10.54964],[37.06736,10.54963],[37.06736,10.5502],[37.06792,10.5502],[37.06792,10.55048],[37.06877,10.55048],[37.06877,10.55105],[37.06849,10.55104],[37.06847,10.55301],[37.06876,10.55301],[37.06875,10.55442],[37.06932,10.55442],[37.06931,10.55526],[37.06959,10.55526],[37.06959,10.55555],[37.06988,10.55555],[37.06987,10.55583],[37.07044,10.55583],[37.07044,10.55639],[37.07101,10.5564],[37.071,10.55668],[37.07157,10.55668],[37.07157,10.55696],[37.07214,10.55696],[37.07214,10.55725],[37.0727,10.55725],[37.0727,10.55781],[37.07298,10.55781],[37.07298,10.55837],[37.0727,10.55837],[37.0727,10.55865],[37.07298,10.55866],[37.07298,10.55894],[37.07326,10.55894],[37.07326,10.55922],[37.07269,10.55922],[37.07269,10.55978],[37.0724,10.55978],[37.07239,10.56146],[37.07353,10.56147],[37.07353,10.56175],[37.07381,10.56175],[37.0738,10.56315],[37.07437,10.56316],[37.07437,10.56288],[37.07522,10.56288],[37.07608,10.56289],[37.07607,10.56317],[37.07579,10.56317],[37.07579,10.56345],[37.07607,10.56345],[37.07607,10.56373],[37.07635,10.56373],[37.07635,10.56401],[37.07692,10.56402],[37.07692,10.56373],[37.07777,10.56374],[37.07777,10.56402],[37.07862,10.56403],[37.07862,10.56374],[37.07919,10.56375],[37.07919,10.56431],[37.07947,10.56431],[37.07947,10.56459],[37.07975,10.56459],[37.07975,10.56488],[37.08004,10.56488],[37.08003,10.56544],[37.08032,10.56544],[37.08032,10.56572],[37.0806,10.56572],[37.0806,10.566],[37.08088,10.56601],[37.08088,10.56685],[37.08059,10.56685],[37.08059,10.56713],[37.08087,10.56713],[37.08086,10.56881],[37.08143,10.56882],[37.08143,10.5691],[37.08342,10.56911],[37.08341,10.56939],[37.0837,10.56939],[37.08369,10.57024],[37.08398,10.57024],[37.08398,10.57052],[37.08426,10.57052],[37.08425,10.57136],[37.08454,10.57136],[37.08454,10.57164],[37.0851,10.57165],[37.0851,10.57221],[37.08482,10.57221],[37.08481,10.57249],[37.08453,10.57249],[37.08453,10.57277],[37.08425,10.57277],[37.08424,10.57305],[37.08396,10.57305],[37.08396,10.57333],[37.08424,10.57333],[37.08424,10.57417],[37.08367,10.57417],[37.08367,10.57445],[37.08395,10.57445],[37.08395,10.57501],[37.08423,10.57501],[37.08423,10.57558],[37.08451,10.57558],[37.08451,10.57642],[37.08479,10.57642],[37.08478,10.57839],[37.08506,10.57839],[37.08506,10.57867],[37.08534,10.57867],[37.08534,10.57951],[37.08562,10.57952],[37.08562,10.5798],[37.08619,10.5798],[37.08619,10.58036],[37.0859,10.58036],[37.0859,10.58064],[37.08533,10.58064],[37.08533,10.58092],[37.08476,10.58091],[37.08476,10.5812],[37.08419,10.58119],[37.08419,10.58147],[37.08448,10.58147],[37.08447,10.58176],[37.08476,10.58176],[37.08476,10.58204],[37.08504,10.58204],[37.08504,10.58232],[37.08532,10.58232],[37.08532,10.5826],[37.0856,10.5826],[37.0856,10.58317],[37.08645,10.58317],[37.08645,10.58345],[37.08673,10.58345],[37.08673,10.58374],[37.0873,10.58374],[37.0873,10.5843],[37.08758,10.5843],[37.08758,10.58486],[37.08786,10.58487],[37.08785,10.58627],[37.08842,10.58627],[37.08842,10.58683],[37.08898,10.58684],[37.08898,10.58712],[37.08927,10.58712],[37.08926,10.58768],[37.08955,10.58768],[37.08954,10.58797],[37.08983,10.58797],[37.08983,10.58853],[37.09011,10.58853],[37.09011,10.58881],[37.09068,10.58881],[37.09067,10.58938],[37.09124,10.58938],[37.09123,10.59078],[37.09151,10.59079],[37.09151,10.59163],[37.09123,10.59163],[37.09122,10.59191],[37.09094,10.59191],[37.09094,10.59247],[37.09065,10.59247],[37.09065,10.59275],[37.09037,10.59274],[37.09037,10.59303],[37.09008,10.59302],[37.09007,10.59415],[37.09036,10.59415],[37.09036,10.59443],[37.09064,10.59443],[37.09064,10.59527],[37.09035,10.59527],[37.09035,10.59555],[37.0895,10.59555],[37.08921,10.59555],[37.08922,10.59527],[37.0878,10.59526],[37.0878,10.59498],[37.08723,10.59497],[37.08723,10.59525],[37.08609,10.59525],[37.0861,10.5944],[37.08581,10.5944],[37.08582,10.59412],[37.0861,10.59412],[37.08611,10.59328],[37.08582,10.59328],[37.08582,10.593],[37.08554,10.593],[37.08554,10.59272],[37.08497,10.59271],[37.08498,10.59243],[37.08469,10.59243],[37.08469,10.59215],[37.08413,10.59215],[37.08413,10.59186],[37.08384,10.59186],[37.08384,10.59242],[37.08356,10.59242],[37.08355,10.5927],[37.08327,10.5927],[37.08327,10.59298],[37.0827,10.59298],[37.0827,10.59326],[37.08213,10.59326],[37.08213,10.5941],[37.08241,10.5941],[37.0824,10.59522],[37.0807,10.59521],[37.0807,10.59493],[37.08042,10.59493],[37.08042,10.59521],[37.079,10.5952],[37.07899,10.59548],[37.07871,10.59548],[37.07871,10.59576],[37.07843,10.59576],[37.07842,10.59604],[37.07814,10.59604],[37.07814,10.59632],[37.07729,10.59632],[37.07728,10.5966],[37.077,10.5966],[37.077,10.59688],[37.07671,10.59687],[37.07672,10.59659],[37.07558,10.59659],[37.07558,10.59631],[37.0753,10.5963],[37.0753,10.59602],[37.07473,10.59602],[37.07473,10.59574],[37.07445,10.59574],[37.07445,10.59546],[37.07417,10.59545],[37.07417,10.59489],[37.07389,10.59489],[37.07389,10.59461],[37.07162,10.5946],[37.07162,10.59488],[37.07133,10.59488],[37.07133,10.59516],[37.07105,10.59515],[37.07104,10.596],[37.07076,10.596],[37.07076,10.59656],[37.06962,10.59655],[37.06961,10.59739],[37.06933,10.59739],[37.06932,10.5988],[37.06904,10.59879],[37.06904,10.59907],[37.06875,10.59907],[37.06875,10.59879],[37.06819,10.59879],[37.06818,10.59907],[37.0679,10.59907],[37.0679,10.59935],[37.06705,10.59934],[37.06705,10.59962],[37.06676,10.59962],[37.06676,10.5999],[37.06704,10.5999],[37.06704,10.60075],[37.06732,10.60075],[37.06732,10.60131],[37.0676,10.60131],[37.06759,10.60272],[37.06788,10.60272],[37.06788,10.603],[37.06901,10.60301],[37.06901,10.60329],[37.06929,10.60329],[37.06929,10.60413],[37.07014,10.60414],[37.07014,10.60386],[37.07071,10.60386],[37.07071,10.60414],[37.07099,10.60414],[37.07099,10.6047],[37.0707,10.6047],[37.0707,10.60554],[37.07042,10.60554],[37.07041,10.60639],[37.07013,10.60638],[37.07012,10.60666],[37.07041,10.60667],[37.0704,10.60723],[37.07069,10.60723],[37.07069,10.60751],[37.06927,10.6075],[37.06926,10.60834],[37.06898,10.60834],[37.06898,10.60862],[37.06841,10.60862],[37.06841,10.60834],[37.06784,10.60834],[37.06784,10.60862],[37.06756,10.60861],[37.06756,10.60833],[37.06614,10.60832],[37.06614,10.60861],[37.06529,10.6086],[37.06528,10.60888],[37.065,10.60888],[37.065,10.6086],[37.06472,10.6086],[37.06472,10.60888],[37.06386,10.60887],[37.06387,10.60859],[37.06358,10.60859],[37.06358,10.60831],[37.06302,10.60831],[37.06301,10.60859],[37.06273,10.60858],[37.06273,10.60915],[37.06244,10.60914],[37.06244,10.60943],[37.06216,10.60942],[37.06215,10.61111],[37.06243,10.61111],[37.06243,10.61139],[37.06328,10.6114],[37.06328,10.61196],[37.06356,10.61196],[37.06356,10.61224],[37.06328,10.61224],[37.06327,10.61252],[37.06299,10.61252],[37.06299,10.61224],[37.06157,10.61223],[37.06157,10.61195],[37.06044,10.61194],[37.06044,10.6125],[37.05987,10.6125],[37.05987,10.61222],[37.0593,10.61221],[37.0593,10.61193],[37.05902,10.61193],[37.05903,10.61081],[37.05874,10.61081],[37.05875,10.61025],[37.05846,10.61024],[37.05847,10.60912],[37.0579,10.60912],[37.0579,10.60884],[37.05762,10.60883],[37.05762,10.60799],[37.05706,10.60799],[37.05706,10.60771],[37.05677,10.60771],[37.05678,10.60742],[37.05621,10.60742],[37.05621,10.60714],[37.05564,10.60714],[37.05564,10.60742],[37.05507,10.60741],[37.05507,10.60769],[37.0545,10.60769],[37.0545,10.60797],[37.05422,10.60797],[37.05421,10.60937],[37.05449,10.60938],[37.05448,10.61078],[37.05477,10.61078],[37.05476,10.61134],[37.05448,10.61134],[37.05448,10.61162],[37.0542,10.61162],[37.05419,10.61218],[37.05391,10.61218],[37.0539,10.61274],[37.05334,10.61274],[37.05334,10.61246],[37.05249,10.61245],[37.05248,10.61273],[37.05078,10.61272],[37.05077,10.61413],[37.05049,10.61413],[37.05048,10.61525],[37.04991,10.61525],[37.04992,10.61468],[37.04963,10.61468],[37.04964,10.6144],[37.04822,10.61439],[37.04821,10.61467],[37.04793,10.61467],[37.04793,10.61523],[37.04764,10.61523],[37.04764,10.61551],[37.04707,10.61551],[37.04707,10.61579],[37.04622,10.61578],[37.04621,10.61663],[37.04565,10.61662],[37.04564,10.6169],[37.04451,10.6169],[37.04451,10.61662],[37.04309,10.61661],[37.04309,10.61689],[37.04281,10.61689],[37.0428,10.61745],[37.04252,10.61745],[37.04251,10.61885],[37.04336,10.61886],[37.04336,10.61914],[37.04364,10.61914],[37.04364,10.6197],[37.04392,10.6197],[37.04392,10.62054],[37.0442,10.62055],[37.0442,10.62111],[37.04448,10.62111],[37.04448,10.62195],[37.04476,10.62195],[37.04476,10.62252],[37.04504,10.62252],[37.04504,10.6228],[37.04532,10.6228],[37.04532,10.62308],[37.04561,10.62308],[37.0456,10.62364],[37.04532,10.62364],[37.04531,10.6242],[37.04503,10.6242],[37.04503,10.62476],[37.04531,10.62477],[37.04531,10.62505],[37.04588,10.62505],[37.04588,10.62533],[37.04673,10.62534],[37.04673,10.62562],[37.04729,10.62562],[37.04729,10.62618],[37.04701,10.62618],[37.047,10.62674],[37.04729,10.62674],[37.04728,10.62703],[37.04672,10.62702],[37.04671,10.6273],[37.04643,10.6273],[37.04643,10.62786],[37.04614,10.62786],[37.04614,10.62814],[37.04643,10.62814],[37.04642,10.62842],[37.04671,10.62843],[37.04671,10.62871],[37.04699,10.62871],[37.04699,10.62899],[37.0467,10.62899],[37.0467,10.62955],[37.04698,10.62955],[37.04698,10.63039],[37.04726,10.6304],[37.04726,10.63068],[37.04754,10.63068],[37.04754,10.63096],[37.04783,10.63096],[37.04782,10.63152],[37.04754,10.63152],[37.04754,10.6318],[37.04725,10.6318],[37.04725,10.63236],[37.04753,10.63236],[37.04753,10.63321],[37.0481,10.63321],[37.04809,10.63349],[37.04838,10.63349],[37.04837,10.63405],[37.05008,10.63406],[37.05008,10.63434],[37.05036,10.63435],[37.05036,10.63463],[37.05064,10.63463],[37.05064,10.63575],[37.05035,10.63575],[37.05035,10.63603],[37.04978,10.63603],[37.04977,10.63715],[37.05006,10.63715],[37.05006,10.63743],[37.05034,10.63744],[37.05034,10.63772],[37.05062,10.63772],[37.05062,10.63828],[37.0509,10.63828],[37.0509,10.63856],[37.05119,10.63856],[37.05118,10.63885],[37.05175,10.63885],[37.05175,10.63913],[37.05232,10.63913],[37.05231,10.6397],[37.0526,10.6397],[37.0526,10.63998],[37.05316,10.63998],[37.05316,10.64026],[37.05345,10.64026],[37.05344,10.64054],[37.05259,10.64054],[37.05259,10.64082],[37.05089,10.64081],[37.05089,10.64109],[37.0506,10.64109],[37.0506,10.64165],[37.05031,10.64165],[37.05032,10.64137],[37.05003,10.64137],[37.05003,10.64109],[37.04975,10.64108],[37.04975,10.64136],[37.04946,10.64136],[37.04946,10.64192],[37.04918,10.64192],[37.04917,10.6422],[37.04889,10.6422],[37.04889,10.64248],[37.04861,10.64248],[37.0486,10.64276],[37.04917,10.64276],[37.04917,10.64305],[37.04974,10.64305],[37.04973,10.64361],[37.0503,10.64361],[37.0503,10.64418],[37.05115,10.64418],[37.05115,10.64446],[37.05143,10.64446],[37.05143,10.64418],[37.052,10.64419],[37.052,10.64447],[37.05257,10.64447],[37.05257,10.64475],[37.05285,10.64475],[37.05285,10.64503],[37.05313,10.64504],[37.05313,10.64532],[37.05341,10.64532],[37.05341,10.6456],[37.05313,10.6456],[37.05313,10.64588],[37.05227,10.64587],[37.05227,10.64672],[37.05199,10.64671],[37.05198,10.647],[37.0517,10.64699],[37.0517,10.64727],[37.05141,10.64727],[37.05142,10.64699],[37.05113,10.64699],[37.05113,10.64671],[37.05057,10.64671],[37.05056,10.64699],[37.04971,10.64698],[37.04971,10.64726],[37.04914,10.64726],[37.04914,10.64754],[37.04886,10.64754],[37.04885,10.64894],[37.04913,10.64894],[37.04913,10.64922],[37.04941,10.64923],[37.04941,10.64951],[37.04998,10.64951],[37.04998,10.65007],[37.04969,10.65007],[37.04969,10.65035],[37.04941,10.65035],[37.04941,10.65063],[37.04912,10.65063],[37.04912,10.65091],[37.04884,10.65091],[37.04883,10.65119],[37.04855,10.65119],[37.04855,10.65175],[37.04826,10.65175],[37.04826,10.65231],[37.04854,10.65231],[37.04854,10.65259],[37.04882,10.65259],[37.04882,10.65315],[37.04854,10.65315],[37.04853,10.65428],[37.04881,10.65428],[37.04881,10.65456],[37.0491,10.65456],[37.04909,10.65484],[37.04938,10.65484],[37.04938,10.65512],[37.04994,10.65513],[37.04994,10.65541],[37.05023,10.65541],[37.05022,10.65569],[37.05051,10.65569],[37.0505,10.65653],[37.05079,10.65654],[37.05079,10.65682],[37.05107,10.65682],[37.05106,10.65766],[37.05135,10.65766],[37.05135,10.65794],[37.05106,10.65794],[37.05106,10.65907],[37.05134,10.65907],[37.05134,10.65935],[37.05191,10.65935],[37.0519,10.66019],[37.05162,10.66019],[37.05161,10.66132],[37.05132,10.66131],[37.05132,10.66216],[37.0516,10.66216],[37.0516,10.66272],[37.05245,10.66273],[37.05245,10.66329],[37.05273,10.66329],[37.05273,10.66413],[37.05244,10.66413],[37.05244,10.66441],[37.05216,10.66441],[37.05216,10.66469],[37.05244,10.66469],[37.05244,10.66525],[37.05272,10.66526],[37.05272,10.66582],[37.053,10.66582],[37.053,10.6661],[37.05328,10.6661],[37.05328,10.66638],[37.05385,10.66639],[37.05385,10.66667],[37.05413,10.66667],[37.05413,10.66695],[37.0547,10.66695],[37.05469,10.6678],[37.05497,10.6678],[37.05497,10.66808],[37.05469,10.66808],[37.05469,10.66836],[37.05497,10.66836],[37.05496,10.67004],[37.05524,10.67005],[37.05524,10.67089],[37.05552,10.67089],[37.05552,10.67145],[37.0558,10.67145],[37.0558,10.67173],[37.05609,10.67174],[37.05608,10.67314],[37.05636,10.67314],[37.05635,10.67539],[37.05663,10.67539],[37.05663,10.67567],[37.05691,10.67567],[37.05691,10.67623],[37.05662,10.67623],[37.05662,10.67679],[37.05691,10.6768],[37.05689,10.67848],[37.05746,10.67848],[37.05746,10.67877],[37.05774,10.67877],[37.05774,10.67905],[37.05803,10.67905],[37.05802,10.67933],[37.05831,10.67933],[37.0583,10.68018],[37.05859,10.68018],[37.05858,10.68074],[37.05887,10.68074],[37.05887,10.68102],[37.05943,10.68102],[37.05943,10.68187],[37.05914,10.68187],[37.05915,10.68158],[37.05858,10.68158],[37.05857,10.68214],[37.05829,10.68214],[37.05829,10.68242],[37.05801,10.68242],[37.058,10.68298],[37.05772,10.68298],[37.05771,10.68438],[37.05742,10.68438],[37.05742,10.68494],[37.05771,10.68495],[37.0577,10.68551],[37.05799,10.68551],[37.05798,10.68663],[37.05769,10.68663],[37.05769,10.68691],[37.05741,10.68691],[37.05741,10.68719],[37.05712,10.68719],[37.05712,10.68747],[37.05684,10.68747],[37.05683,10.68859],[37.0574,10.6886],[37.05739,10.69056],[37.05767,10.69056],[37.05767,10.69084],[37.05795,10.69085],[37.05795,10.69113],[37.05767,10.69112],[37.05766,10.69141],[37.0571,10.6914],[37.05709,10.69168],[37.05681,10.69168],[37.0568,10.69308],[37.05737,10.69309],[37.05736,10.69393],[37.05708,10.69393],[37.05707,10.69533],[37.05736,10.69534],[37.05735,10.69562],[37.05764,10.69562],[37.05763,10.69646],[37.05735,10.69646],[37.05734,10.69702],[37.05763,10.69702],[37.05762,10.69871],[37.0579,10.69871],[37.0579,10.69899],[37.05847,10.69899],[37.05846,10.69984],[37.05818,10.69983],[37.05818,10.70011],[37.05789,10.70011],[37.05789,10.70039],[37.05732,10.70039],[37.05732,10.70067],[37.05704,10.70067],[37.05704,10.70095],[37.05732,10.70095],[37.05732,10.70123],[37.05703,10.70123],[37.05703,10.70151],[37.05675,10.70151],[37.05675,10.70179],[37.05703,10.70179],[37.05703,10.70235],[37.05788,10.70236],[37.05787,10.70292],[37.05816,10.70292],[37.05816,10.7032],[37.05844,10.70321],[37.05843,10.70433],[37.05872,10.70433],[37.05872,10.70461],[37.059,10.70461],[37.059,10.70489],[37.05928,10.7049],[37.05928,10.70546],[37.05899,10.70546],[37.05899,10.70574],[37.05871,10.70574],[37.0587,10.7077],[37.05926,10.7077],[37.05926,10.70911],[37.0584,10.7091],[37.0584,10.70938],[37.05783,10.70938],[37.05783,10.70966],[37.05755,10.70966],[37.05754,10.71022],[37.05726,10.71022],[37.05725,10.71106],[37.05669,10.71106],[37.05669,10.71134],[37.05612,10.71134],[37.05612,10.71162],[37.0547,10.71161],[37.0547,10.71133],[37.05441,10.71133],[37.05441,10.71189],[37.05413,10.71189],[37.05412,10.71217],[37.05384,10.71216],[37.05384,10.71273],[37.05355,10.71272],[37.05355,10.71301],[37.05327,10.713],[37.05327,10.71328],[37.05241,10.71328],[37.05241,10.71356],[37.05213,10.71356],[37.05213,10.71384],[37.05184,10.71384],[37.05184,10.71412],[37.05156,10.71412],[37.05155,10.7144],[37.05127,10.7144],[37.05126,10.71524],[37.0507,10.71523],[37.05069,10.71552],[37.05041,10.71551],[37.05041,10.71579],[37.05069,10.7158],[37.05069,10.71608],[37.05041,10.71607],[37.05041,10.71636],[37.05012,10.71635],[37.05012,10.71692],[37.04955,10.71691],[37.04954,10.71775],[37.04926,10.71775],[37.04926,10.71831],[37.04897,10.71831],[37.04897,10.71859],[37.04926,10.7186],[37.04925,10.71916],[37.04954,10.71916],[37.04953,10.71944],[37.04982,10.71944],[37.04982,10.71972],[37.05038,10.71973],[37.05038,10.72057],[37.04953,10.72056],[37.04952,10.72084],[37.04924,10.72084],[37.04924,10.72168],[37.04895,10.72168],[37.04895,10.72253],[37.04866,10.72252],[37.04866,10.7228],[37.04894,10.72281],[37.04894,10.72309],[37.04866,10.72309],[37.04866,10.72337],[37.04894,10.72337],[37.04894,10.72365],[37.04922,10.72365],[37.04922,10.72393],[37.0495,10.72393],[37.0495,10.72449],[37.04979,10.7245],[37.04978,10.72478],[37.05007,10.72478],[37.05007,10.72506],[37.05035,10.72506],[37.05035,10.72534],[37.05006,10.72534],[37.05006,10.72562],[37.04978,10.72562],[37.04977,10.72646],[37.04949,10.72646],[37.04949,10.72674],[37.04835,10.72673],[37.04835,10.7273],[37.04806,10.72729],[37.04806,10.72786],[37.04778,10.72785],[37.04777,10.72842],[37.04806,10.72842],[37.04805,10.7287],[37.04862,10.7287],[37.04862,10.72898],[37.0489,10.72898],[37.0489,10.72955],[37.04918,10.72955],[37.04918,10.73067],[37.04946,10.73067],[37.04946,10.73123],[37.04889,10.73123],[37.04889,10.73151],[37.04832,10.73151],[37.04832,10.73179],[37.04803,10.73179],[37.04803,10.73207],[37.04775,10.73207],[37.04774,10.73291],[37.04831,10.73291],[37.04831,10.73319],[37.04859,10.7332],[37.0486,10.73291],[37.04973,10.73292],[37.04973,10.73376],[37.05001,10.73377],[37.05001,10.73349],[37.0503,10.73349],[37.0503,10.73321],[37.05143,10.73321],[37.05143,10.73377],[37.05171,10.73378],[37.05171,10.73462],[37.05199,10.73462],[37.05199,10.7349],[37.05227,10.7349],[37.05227,10.73518],[37.0517,10.73518],[37.0517,10.73546],[37.05142,10.73546],[37.05142,10.73574],[37.0517,10.73574],[37.0517,10.73602],[37.05198,10.73603],[37.05198,10.73659],[37.05226,10.73659],[37.05226,10.73771],[37.05311,10.73772],[37.05311,10.738],[37.05339,10.738],[37.05339,10.73828],[37.05396,10.73828],[37.05396,10.73857],[37.05424,10.73857],[37.05424,10.73913],[37.05452,10.73913],[37.05452,10.73941],[37.05509,10.73941],[37.05508,10.73998],[37.05537,10.73998],[37.05536,10.74138],[37.05564,10.74138],[37.05564,10.74167],[37.05536,10.74166],[37.05535,10.74223],[37.05507,10.74222],[37.05507,10.7425],[37.05393,10.7425],[37.05393,10.74278],[37.05364,10.74278],[37.05364,10.74306],[37.05336,10.74306],[37.05336,10.74334],[37.05307,10.74333],[37.05307,10.74362],[37.05279,10.74361],[37.05279,10.74389],[37.0525,10.74389],[37.0525,10.74417],[37.05222,10.74417],[37.05221,10.74501],[37.05193,10.74501],[37.05192,10.74585],[37.05164,10.74585],[37.05163,10.74613],[37.05277,10.74614],[37.05277,10.7467],[37.05305,10.7467],[37.05305,10.74699],[37.05277,10.74698],[37.05276,10.74755],[37.05248,10.74754],[37.05247,10.7481],[37.05276,10.74811],[37.05276,10.74839],[37.05304,10.74839],[37.05304,10.74867],[37.05275,10.74867],[37.05275,10.74895],[37.05247,10.74895],[37.05246,10.74979],[37.05218,10.74979],[37.05218,10.75007],[37.05161,10.75007],[37.05161,10.75035],[37.05132,10.75034],[37.05132,10.75063],[37.05104,10.75062],[37.05103,10.75231],[37.05074,10.75231],[37.05074,10.75259],[37.05046,10.75259],[37.05045,10.75399],[37.05073,10.75399],[37.05073,10.75455],[37.05101,10.75456],[37.05101,10.75484],[37.05073,10.75483],[37.05072,10.75596],[37.05044,10.75596],[37.05043,10.75624],[37.05015,10.75623],[37.05015,10.75652],[37.04986,10.75651],[37.04986,10.75679],[37.04958,10.75679],[37.04957,10.75792],[37.04929,10.75791],[37.04928,10.75848],[37.049,10.75847],[37.049,10.75876],[37.04928,10.75876],[37.04928,10.75904],[37.04956,10.75904],[37.04956,10.75932],[37.04899,10.75932],[37.04899,10.7596],[37.04871,10.7596],[37.04871,10.75988],[37.04842,10.75988],[37.04842,10.76044],[37.04813,10.76044],[37.04813,10.76072],[37.04785,10.76071],[37.04785,10.76099],[37.04813,10.761],[37.04813,10.76184],[37.04898,10.76184],[37.04897,10.76269],[37.04869,10.76269],[37.04868,10.76325],[37.0484,10.76325],[37.0484,10.76353],[37.04868,10.76353],[37.04868,10.76381],[37.04953,10.76381],[37.04953,10.76409],[37.04982,10.7641],[37.04981,10.76438],[37.05038,10.76438],[37.05039,10.76354],[37.05095,10.76354],[37.05095,10.76382],[37.05124,10.76382],[37.05123,10.76439],[37.05152,10.76439],[37.05152,10.76467],[37.05208,10.76467],[37.05208,10.76495],[37.05237,10.76496],[37.05236,10.76524],[37.05293,10.76524],[37.05293,10.76552],[37.0535,10.76552],[37.0535,10.7658],[37.05435,10.76581],[37.05435,10.76609],[37.05463,10.76609],[37.05463,10.76637],[37.05491,10.76638],[37.05491,10.76666],[37.0552,10.76666],[37.05519,10.76694],[37.05491,10.76694],[37.05491,10.7675],[37.05519,10.7675],[37.05518,10.76862],[37.05547,10.76863],[37.05546,10.76891],[37.05518,10.7689],[37.05518,10.76919],[37.0549,10.76918],[37.05489,10.76946],[37.05518,10.76947],[37.05518,10.76975],[37.05546,10.76975],[37.05546,10.77031],[37.05602,10.77031],[37.05602,10.7706],[37.05659,10.7706],[37.05659,10.77116],[37.0563,10.77116],[37.0563,10.77228],[37.05601,10.77228],[37.05601,10.77256],[37.05573,10.77256],[37.05571,10.77453],[37.05543,10.77452],[37.05542,10.77565],[37.05514,10.77565],[37.05514,10.77593],[37.05485,10.77592],[37.05485,10.7762],[37.05457,10.7762],[37.05456,10.77648],[37.05485,10.77649],[37.05485,10.77677],[37.05513,10.77677],[37.05513,10.77705],[37.05541,10.77705],[37.05541,10.77733],[37.05712,10.77734],[37.05711,10.77762],[37.0574,10.77763],[37.0574,10.77791],[37.05768,10.77791],[37.05768,10.77847],[37.05739,10.77847],[37.05739,10.77875],[37.05824,10.77875],[37.05824,10.77932],[37.05795,10.77931],[37.05795,10.77959],[37.05824,10.7796],[37.05823,10.78044],[37.05852,10.78044],[37.05851,10.781],[37.05908,10.78101],[37.05908,10.78129],[37.05936,10.78129],[37.05936,10.78185],[37.05993,10.78185],[37.05992,10.78213],[37.06049,10.78214],[37.06049,10.7827],[37.06077,10.7827],[37.06077,10.78326],[37.06049,10.78326],[37.06048,10.7841],[37.0602,10.7841],[37.06018,10.78607],[37.06047,10.78607],[37.06046,10.78804],[37.06017,10.78803],[37.06017,10.78831],[37.0596,10.78831],[37.0596,10.78859],[37.05988,10.78859],[37.05988,10.78887],[37.06017,10.78888],[37.06016,10.79],[37.06044,10.79],[37.06043,10.79225],[37.06071,10.79225],[37.06071,10.79281],[37.06099,10.79281],[37.06099,10.79309],[37.06127,10.7931],[37.06127,10.79366],[37.06156,10.79366],[37.06155,10.79394],[37.06184,10.79394],[37.06183,10.7945],[37.06212,10.79451],[37.06211,10.79507],[37.0624,10.79507],[37.0624,10.79535],[37.06268,10.79535],[37.06268,10.79591],[37.06296,10.79592],[37.06295,10.79704],[37.06267,10.79704],[37.06267,10.79732],[37.06324,10.79732],[37.06323,10.79788],[37.06352,10.79788],[37.06351,10.79817],[37.06437,10.79817],[37.06436,10.79873],[37.06465,10.79873],[37.06464,10.79986],[37.06492,10.79986],[37.06492,10.80014],[37.06464,10.80014],[37.06463,10.80126],[37.06435,10.80126],[37.06434,10.80295],[37.06405,10.80294],[37.06405,10.80322],[37.06377,10.80322],[37.06376,10.8035],[37.06348,10.8035],[37.06348,10.80378],[37.06376,10.80378],[37.06376,10.80407],[37.06433,10.80407],[37.06432,10.80519],[37.06461,10.80519],[37.0646,10.80604],[37.06432,10.80603],[37.06431,10.8066],[37.0646,10.8066],[37.06459,10.80772],[37.06487,10.80772],[37.06487,10.80857],[37.06515,10.80857],[37.06515,10.80885],[37.06572,10.80885],[37.06571,10.80969],[37.066,10.8097],[37.066,10.80998],[37.06628,10.80998],[37.06628,10.81026],[37.06713,10.81026],[37.06713,10.81083],[37.06741,10.81083],[37.06741,10.81111],[37.06826,10.81111],[37.06826,10.8114],[37.06883,10.8114],[37.06883,10.81168],[37.06939,10.81168],[37.06939,10.81196],[37.06968,10.81197],[37.06967,10.81225],[37.07024,10.81225],[37.07024,10.81281],[37.07081,10.81282],[37.0708,10.81338],[37.07109,10.81338],[37.07109,10.81366],[37.0708,10.81366],[37.0708,10.81394],[37.07052,10.81394],[37.07051,10.8145],[37.0708,10.8145],[37.07079,10.81478],[37.07051,10.81478],[37.07051,10.81506],[37.07079,10.81506],[37.07079,10.81534],[37.07108,10.81534],[37.07107,10.81563],[37.07136,10.81563],[37.07136,10.81591],[37.07164,10.81591],[37.07163,10.81675],[37.07192,10.81675],[37.07191,10.81732],[37.07305,10.81732],[37.07305,10.8176],[37.07333,10.81761],[37.07333,10.81789],[37.07362,10.81789],[37.07361,10.81817],[37.07418,10.81817],[37.07418,10.81789],[37.07447,10.81789],[37.07447,10.81817],[37.07475,10.81818],[37.07474,10.81902],[37.07503,10.81902],[37.07502,10.82014],[37.07531,10.82015],[37.07529,10.82267],[37.07557,10.82268],[37.07557,10.82324],[37.07585,10.82324],[37.07585,10.82408],[37.07613,10.82408],[37.07613,10.82436],[37.07698,10.82437],[37.07727,10.82437],[37.07727,10.82465],[37.07755,10.82465],[37.07755,10.82522],[37.07783,10.82522],[37.07783,10.8255],[37.07811,10.8255],[37.07811,10.82634],[37.07839,10.82634],[37.07839,10.82662],[37.07867,10.82663],[37.07867,10.82775],[37.07895,10.82775],[37.07895,10.82831],[37.07923,10.82832],[37.07923,10.82916],[37.07951,10.82916],[37.07951,10.82944],[37.07979,10.82944],[37.07979,10.83],[37.08007,10.83001],[37.08007,10.83057],[37.08035,10.83057],[37.08035,10.83113],[37.08063,10.83113],[37.08063,10.83141],[37.08092,10.83141],[37.08092,10.83113],[37.0812,10.83114],[37.08119,10.83226],[37.08063,10.83226],[37.08062,10.83282],[37.08034,10.83282],[37.08034,10.83338],[37.08005,10.83338],[37.08005,10.83422],[37.07976,10.83422],[37.07976,10.83478],[37.07947,10.83478],[37.07947,10.83506],[37.07919,10.83506],[37.07918,10.83562],[37.0789,10.83562],[37.0789,10.8359],[37.07833,10.83589],[37.07833,10.83617],[37.07804,10.83617],[37.07804,10.83729],[37.07775,10.83729],[37.07775,10.83785],[37.07803,10.83786],[37.07803,10.83842],[37.07831,10.83842],[37.07831,10.83898],[37.07859,10.83898],[37.07859,10.83955],[37.07888,10.83955],[37.07887,10.83983],[37.07973,10.83983],[37.07972,10.84039],[37.07944,10.84039],[37.07943,10.84095],[37.07915,10.84095],[37.07915,10.84123],[37.07886,10.84123],[37.07886,10.84264],[37.07914,10.84264],[37.07914,10.8432],[37.07942,10.8432],[37.07942,10.84348],[37.07999,10.84349],[37.07998,10.84377],[37.08027,10.84377],[37.08027,10.84405],[37.08084,10.84405],[37.08083,10.84433],[37.0814,10.84434],[37.0814,10.84518],[37.08168,10.84518],[37.08168,10.84546],[37.08281,10.84547],[37.08282,10.84519],[37.0831,10.84519],[37.0831,10.84547],[37.08367,10.84547],[37.08367,10.84519],[37.08395,10.8452],[37.08395,10.84491],[37.08424,10.84492],[37.08424,10.84464],[37.08452,10.84464],[37.08453,10.84436],[37.08566,10.84436],[37.08566,10.84493],[37.0868,10.84493],[37.08679,10.84521],[37.08708,10.84522],[37.08707,10.84578],[37.08736,10.84578],[37.08736,10.84634],[37.08792,10.84634],[37.08792,10.84662],[37.08849,10.84663],[37.08849,10.84691],[37.08934,10.84691],[37.08934,10.8472],[37.09019,10.8472],[37.09019,10.84804],[37.09047,10.84804],[37.09047,10.84833],[37.09104,10.84833],[37.09103,10.84861],[37.09132,10.84861],[37.09132,10.84889],[37.09188,10.8489],[37.09188,10.84918],[37.09217,10.84918],[37.09216,10.84974],[37.09245,10.84974],[37.09245,10.85002],[37.09273,10.85002],[37.09272,10.85087],[37.09301,10.85087],[37.093,10.85171],[37.09329,10.85171],[37.09328,10.85228],[37.09357,10.85228],[37.09356,10.85284],[37.0947,10.85285],[37.0947,10.85313],[37.09498,10.85313],[37.09498,10.85341],[37.09527,10.85341],[37.09526,10.85397],[37.09555,10.85397],[37.09554,10.85454],[37.09526,10.85453],[37.09525,10.85594],[37.09497,10.85594],[37.09496,10.85678],[37.09468,10.85678],[37.09467,10.8579],[37.0941,10.8579],[37.0941,10.85818],[37.09381,10.85818],[37.09381,10.85874],[37.09353,10.85874],[37.09352,10.85958],[37.09381,10.85958],[37.0938,10.85986],[37.09437,10.85986],[37.09437,10.86015],[37.09522,10.86015],[37.09522,10.85987],[37.09551,10.85987],[37.09551,10.85959],[37.09579,10.85959],[37.0958,10.85931],[37.09608,10.85931],[37.09608,10.85903],[37.09637,10.85903],[37.09637,10.85875],[37.0975,10.85876],[37.0975,10.85988],[37.09721,10.85988],[37.09721,10.86044],[37.09693,10.86044],[37.09692,10.861],[37.09635,10.861],[37.09635,10.86212],[37.09663,10.86213],[37.09663,10.86269],[37.09634,10.86269],[37.09634,10.86353],[37.09549,10.86352],[37.09548,10.86408],[37.09491,10.86408],[37.09491,10.86436],[37.09406,10.86436],[37.09406,10.86492],[37.09434,10.86492],[37.09434,10.8652],[37.09405,10.8652],[37.09405,10.86548],[37.09434,10.86548],[37.09433,10.86604],[37.09405,10.86604],[37.09405,10.8666],[37.09348,10.8666],[37.09347,10.86716],[37.0912,10.86715],[37.0912,10.86743],[37.09063,10.86742],[37.09063,10.86771],[37.08978,10.8677],[37.08977,10.86798],[37.09006,10.86798],[37.09006,10.86854],[37.09034,10.86855],[37.09033,10.86939],[37.09062,10.86939],[37.09061,10.86995],[37.09118,10.86996],[37.09118,10.87024],[37.09147,10.87024],[37.09146,10.87108],[37.09174,10.87108],[37.09174,10.87136],[37.09203,10.87137],[37.09202,10.87165],[37.09231,10.87165],[37.09231,10.87137],[37.09259,10.87137],[37.0926,10.87109],[37.09316,10.87109],[37.09317,10.87081],[37.09345,10.87081],[37.09345,10.87053],[37.09487,10.87054],[37.09487,10.87082],[37.09601,10.87083],[37.09601,10.87111],[37.09686,10.87111],[37.09686,10.8714],[37.09714,10.8714],[37.09714,10.87168],[37.09799,10.87168],[37.09799,10.87196],[37.09856,10.87197],[37.09856,10.87225],[37.09884,10.87225],[37.09884,10.87197],[37.09969,10.87197],[37.09969,10.87226],[37.09998,10.87226],[37.09997,10.87254],[37.10026,10.87254],[37.10026,10.87282],[37.10054,10.87282],[37.10054,10.87338],[37.10082,10.87339],[37.10082,10.87367],[37.10054,10.87367],[37.10053,10.87507],[37.10081,10.87507],[37.10081,10.87591],[37.10109,10.87592],[37.10109,10.8762],[37.10137,10.8762],[37.10137,10.87732],[37.10108,10.87732],[37.10108,10.87816],[37.10051,10.87816],[37.10051,10.87844],[37.09965,10.87843],[37.09964,10.87984],[37.09936,10.87984],[37.09936,10.88012],[37.09879,10.88011],[37.09879,10.88039],[37.09794,10.88039],[37.09793,10.88067],[37.09708,10.88067],[37.09708,10.88095],[37.09651,10.88094],[37.0965,10.88207],[37.09679,10.88207],[37.09679,10.88263],[37.0965,10.88263],[37.0965,10.88291],[37.09622,10.88291],[37.09621,10.88319],[37.09565,10.88318],[37.09565,10.8829],[37.09508,10.8829],[37.09508,10.88318],[37.09394,10.88317],[37.09394,10.88345],[37.09365,10.88345],[37.09365,10.88373],[37.09337,10.88373],[37.09337,10.88401],[37.09308,10.88401],[37.09308,10.88457],[37.09336,10.88457],[37.09336,10.88514],[37.09308,10.88513],[37.09307,10.88541],[37.09279,10.88541],[37.09279,10.88597],[37.09307,10.88598],[37.09307,10.88654],[37.09335,10.88654],[37.09335,10.88738],[37.09391,10.88739],[37.09391,10.88767],[37.0942,10.88767],[37.09419,10.88795],[37.09476,10.88795],[37.09476,10.88823],[37.09448,10.88823],[37.09447,10.88879],[37.09419,10.88879],[37.09419,10.88907],[37.0939,10.88907],[37.0939,10.88991],[37.09305,10.88991],[37.09304,10.89019],[37.09276,10.89019],[37.09276,10.89047],[37.09247,10.89047],[37.09247,10.89131],[37.09218,10.89131],[37.09218,10.89159],[37.0919,10.89159],[37.0919,10.89187],[37.09133,10.89186],[37.09133,10.89158],[37.09076,10.89158],[37.09076,10.89186],[37.08991,10.89185],[37.0899,10.8927],[37.08933,10.89269],[37.08934,10.89213],[37.0882,10.89212],[37.0882,10.89184],[37.08763,10.89184],[37.08764,10.89156],[37.08735,10.89156],[37.08735,10.89128],[37.08678,10.89127],[37.08679,10.89071],[37.0865,10.89071],[37.08651,10.89043],[37.08594,10.89043],[37.08594,10.89071],[37.08565,10.8907],[37.08565,10.89099],[37.08537,10.89098],[37.08536,10.89126],[37.08565,10.89127],[37.08564,10.89239],[37.08536,10.89239],[37.08536,10.89267],[37.0845,10.89266],[37.0845,10.89294],[37.08393,10.89294],[37.08393,10.89322],[37.08279,10.89321],[37.0828,10.89293],[37.08194,10.89293],[37.08194,10.89349],[37.08166,10.89349],[37.08165,10.89377],[37.08137,10.89377],[37.08137,10.89349],[37.0808,10.89348],[37.0808,10.89376],[37.07995,10.89376],[37.07995,10.89348],[37.07967,10.89348],[37.07966,10.8946],[37.07852,10.89459],[37.07852,10.89543],[37.0788,10.89544],[37.0788,10.896],[37.07937,10.896],[37.07936,10.89684],[37.07908,10.89684],[37.07907,10.8974],[37.07936,10.89741],[37.07936,10.89769],[37.07964,10.89769],[37.07963,10.89994],[37.07934,10.89993],[37.07934,10.90021],[37.07962,10.90022],[37.07962,10.90078],[37.07934,10.90078],[37.07933,10.9019],[37.07876,10.9019],[37.07876,10.90218],[37.07847,10.90217],[37.07847,10.90246],[37.07819,10.90245],[37.07819,10.90273],[37.0779,10.90273],[37.0779,10.90329],[37.07761,10.90329],[37.07761,10.90357],[37.07733,10.90357],[37.07733,10.90385],[37.07704,10.90385],[37.07704,10.90441],[37.07732,10.90441],[37.07732,10.9047],[37.07761,10.9047],[37.0776,10.90554],[37.07646,10.90553],[37.07646,10.90609],[37.07618,10.90609],[37.07617,10.90665],[37.07646,10.90666],[37.07645,10.90722],[37.07674,10.90722],[37.07673,10.90778],[37.07702,10.90778],[37.07702,10.90806],[37.07616,10.90806],[37.07616,10.90862],[37.07559,10.90862],[37.07559,10.9089],[37.07531,10.9089],[37.0753,10.90918],[37.07417,10.90917],[37.07416,10.91001],[37.07331,10.91001],[37.07331,10.90973],[37.07189,10.90972],[37.0719,10.90887],[37.07104,10.90887],[37.07104,10.90999],[37.07047,10.90999],[37.07046,10.91055],[37.06933,10.91054],[37.06933,10.91082],[37.06876,10.91082],[37.06875,10.91166],[37.06847,10.91166],[37.06847,10.91194],[37.06818,10.91194],[37.06818,10.91222],[37.0679,10.91222],[37.06789,10.91278],[37.06818,10.91278],[37.06817,10.91362],[37.06874,10.91363],[37.06874,10.91391],[37.06845,10.91391],[37.06845,10.91447],[37.06873,10.91447],[37.06873,10.91475],[37.06902,10.91475],[37.06901,10.91532],[37.06873,10.91531],[37.06872,10.91588],[37.06816,10.91587],[37.06816,10.91559],[37.06759,10.91559],[37.06759,10.91531],[37.06645,10.9153],[37.06645,10.91614],[37.06673,10.91614],[37.06673,10.91671],[37.06758,10.91671],[37.06758,10.91755],[37.06814,10.91756],[37.06815,10.91699],[37.069,10.917],[37.069,10.91728],[37.06928,10.91728],[37.06928,10.91756],[37.07013,10.91757],[37.07014,10.91729],[37.07042,10.91729],[37.07042,10.91673],[37.07071,10.91673],[37.07071,10.91617],[37.07043,10.91617],[37.07043,10.91589],[37.07071,10.91589],[37.07072,10.91561],[37.07214,10.91562],[37.07213,10.91702],[37.07184,10.91702],[37.07184,10.9173],[37.07213,10.9173],[37.07212,10.91842],[37.07269,10.91843],[37.07268,10.91871],[37.07297,10.91871],[37.07296,10.91983],[37.07268,10.91983],[37.07267,10.92039],[37.07353,10.9204],[37.07353,10.92012],[37.0741,10.92012],[37.07409,10.9204],[37.07438,10.9204],[37.07437,10.92153],[37.07522,10.92153],[37.07523,10.92097],[37.07551,10.92097],[37.07551,10.92125],[37.0775,10.92127],[37.0775,10.9207],[37.07807,10.92071],[37.07807,10.92043],[37.07836,10.92043],[37.07836,10.92015],[37.07893,10.92015],[37.07893,10.92043],[37.07921,10.92043],[37.07921,10.92072],[37.08006,10.92072],[37.08006,10.921],[37.08034,10.921],[37.08034,10.92128],[37.08062,10.92129],[37.08062,10.92157],[37.08091,10.92157],[37.08091,10.92185],[37.08062,10.92185],[37.08062,10.92213],[37.08034,10.92213],[37.08033,10.92325],[37.08061,10.92325],[37.08061,10.92353],[37.08089,10.92353],[37.08089,10.92382],[37.08118,10.92382],[37.08118,10.92354],[37.08288,10.92355],[37.08289,10.92327],[37.08317,10.92327],[37.08317,10.92299],[37.08346,10.92299],[37.08345,10.92327],[37.08402,10.92327],[37.08402,10.92299],[37.08488,10.923],[37.08488,10.92328],[37.08516,10.92328],[37.08516,10.92356],[37.08629,10.92357],[37.08629,10.92385],[37.08658,10.92385],[37.08657,10.92441],[37.08686,10.92441],[37.08686,10.92413],[37.08743,10.92414],[37.08743,10.92386],[37.08828,10.92386],[37.08828,10.92358],[37.08857,10.92358],[37.08857,10.9233],[37.08942,10.92331],[37.08942,10.92387],[37.08999,10.92387],[37.08998,10.92415],[37.09055,10.92416],[37.09055,10.92472],[37.09027,10.92472],[37.09026,10.925],[37.08998,10.925],[37.08998,10.92528],[37.08941,10.92527],[37.08941,10.92555],[37.08912,10.92555],[37.08912,10.92583],[37.08827,10.92583],[37.08827,10.92639],[37.08855,10.92639],[37.08854,10.92723],[37.08968,10.92724],[37.08968,10.92752],[37.08996,10.92752],[37.08996,10.92809],[37.09024,10.92809],[37.09024,10.92865],[37.08996,10.92865],[37.08995,10.92949],[37.09023,10.92949],[37.09023,10.92977],[37.0908,10.92978],[37.0908,10.93006],[37.09108,10.93006],[37.09107,10.93146],[37.09079,10.93146],[37.09079,10.93174],[37.09136,10.93175],[37.09135,10.93259],[37.09164,10.93259],[37.09164,10.93203],[37.09278,10.93203],[37.09278,10.93091],[37.09364,10.93092],[37.09363,10.9312],[37.09392,10.9312],[37.09392,10.93092],[37.09449,10.93092],[37.09449,10.93064],[37.09477,10.93064],[37.09478,10.92952],[37.0945,10.92952],[37.0945,10.92924],[37.09478,10.92924],[37.09479,10.92896],[37.09564,10.92896],[37.09564,10.9284],[37.09848,10.92842],[37.09849,10.92814],[37.09877,10.92814],[37.09877,10.92842],[37.09905,10.92842],[37.09904,10.92983],[37.09933,10.92983],[37.09933,10.93011],[37.09904,10.93011],[37.09904,10.93039],[37.09932,10.93039],[37.09932,10.93067],[37.09961,10.93067],[37.0996,10.93123],[37.09932,10.93123],[37.09931,10.93179],[37.0996,10.9318],[37.0996,10.93208],[37.09988,10.93208],[37.09988,10.93236],[37.0996,10.93236],[37.09959,10.93292],[37.09988,10.93292],[37.09987,10.9332],[37.10101,10.93321],[37.10101,10.93349],[37.10129,10.93349],[37.10129,10.93433],[37.101,10.93433],[37.101,10.93461],[37.10072,10.93461],[37.10072,10.93489],[37.10015,10.93489],[37.10015,10.93517],[37.09986,10.93517],[37.09986,10.93573],[37.09901,10.93572],[37.099,10.93685],[37.09957,10.93685],[37.09956,10.93741],[37.09985,10.93742],[37.09985,10.9377],[37.10013,10.9377],[37.10013,10.93798],[37.10041,10.93798],[37.10041,10.93882],[37.10069,10.93882],[37.10069,10.93939],[37.10097,10.93939],[37.10097,10.93967],[37.10182,10.93967],[37.10182,10.93996],[37.10267,10.93996],[37.10267,10.93968],[37.10296,10.93968],[37.10296,10.9394],[37.1041,10.93941],[37.1041,10.93913],[37.10438,10.93913],[37.10439,10.93885],[37.10467,10.93885],[37.10467,10.93857],[37.10524,10.93857],[37.10524,10.93829],[37.10553,10.93829],[37.10553,10.93773],[37.10525,10.93773],[37.10525,10.93745],[37.10553,10.93745],[37.10553,10.93717],[37.10582,10.93717],[37.10581,10.93773],[37.1061,10.93773],[37.1061,10.93802],[37.10723,10.93802],[37.10723,10.93887],[37.10751,10.93887],[37.10751,10.93971],[37.10807,10.93971],[37.10807,10.93999],[37.10836,10.94],[37.10836,10.94028],[37.10892,10.94028],[37.10892,10.94056],[37.10921,10.94056],[37.1092,10.94084],[37.10949,10.94085],[37.10948,10.94141],[37.10977,10.94141],[37.10977,10.94169],[37.11005,10.94169],[37.11005,10.94197],[37.11062,10.94198],[37.11062,10.94226],[37.1109,10.94226],[37.1109,10.94254],[37.11118,10.94254],[37.11118,10.94282],[37.11203,10.94283],[37.11203,10.94311],[37.11232,10.94311],[37.11232,10.94283],[37.1126,10.94283],[37.11261,10.94227],[37.11289,10.94227],[37.11289,10.94199],[37.11318,10.94199],[37.11318,10.94171],[37.11403,10.94172],[37.11403,10.94143],[37.11517,10.94144],[37.11517,10.94116],[37.11631,10.94117],[37.11631,10.94145],[37.11659,10.94145],[37.11659,10.94173],[37.11687,10.94173],[37.11687,10.94201],[37.11715,10.94202],[37.11715,10.94258],[37.11772,10.94258],[37.11772,10.94286],[37.118,10.94286],[37.118,10.94314],[37.11828,10.94315],[37.11828,10.94399],[37.11799,10.94399],[37.11799,10.94511],[37.11827,10.94511],[37.11827,10.94539],[37.11799,10.94539],[37.11798,10.94567],[37.11827,10.94567],[37.11827,10.94595],[37.11969,10.94596],[37.11969,10.94568],[37.11997,10.94568],[37.11998,10.9454],[37.12026,10.94541],[37.12026,10.94512],[37.12055,10.94513],[37.12054,10.94597],[37.12082,10.94597],[37.12082,10.94625],[37.12139,10.94625],[37.12139,10.94654],[37.12167,10.94654],[37.12167,10.94682],[37.12139,10.94682],[37.12139,10.9471],[37.12082,10.94709],[37.12081,10.94794],[37.1211,10.94794],[37.12109,10.9485],[37.12166,10.9485],[37.12166,10.94878],[37.12194,10.94879],[37.12194,10.94907],[37.12251,10.94907],[37.12251,10.94879],[37.12308,10.94879],[37.12308,10.94851],[37.12365,10.94852],[37.12365,10.9488],[37.12422,10.9488],[37.12422,10.94908],[37.12478,10.94908],[37.12478,10.94937],[37.12507,10.94937],[37.12507,10.94909],[37.12592,10.94909],[37.12592,10.94937],[37.1262,10.94937],[37.1262,10.95022],[37.12677,10.95022],[37.12676,10.9505],[37.12705,10.9505],[37.12705,10.95078],[37.1279,10.95079],[37.1279,10.95023],[37.12819,10.95023],[37.12819,10.94995],[37.12847,10.94995],[37.12847,10.95023],[37.12989,10.95024],[37.12989,10.94996],[37.13046,10.94996],[37.13046,10.95024],[37.13103,10.95025],[37.13103,10.94997],[37.1316,10.94997],[37.1316,10.94969],[37.13189,10.94969],[37.13189,10.94941],[37.13217,10.94941],[37.13218,10.94885],[37.13445,10.94886],[37.13445,10.94858],[37.13473,10.94858],[37.13474,10.9483],[37.13502,10.9483],[37.13502,10.94802],[37.13531,10.94803],[37.13531,10.94718],[37.1356,10.94718],[37.1356,10.9469],[37.13588,10.94691],[37.13588,10.94662],[37.13702,10.94663],[37.13702,10.94635],[37.13731,10.94635],[37.13731,10.94607],[37.13788,10.94608],[37.13788,10.94523],[37.13845,10.94524],[37.13845,10.94496],[37.13874,10.94496],[37.13874,10.94411],[37.13846,10.94411],[37.13846,10.94327],[37.13875,10.94327],[37.13875,10.94299],[37.13932,10.94299],[37.13932,10.94243],[37.14103,10.94244],[37.14102,10.94272],[37.14131,10.94273],[37.14131,10.94216],[37.14188,10.94217],[37.14188,10.94189],[37.14245,10.94189],[37.14245,10.94245],[37.1433,10.94246],[37.1433,10.94302],[37.14443,10.94303],[37.14443,10.94331],[37.14472,10.94331],[37.14471,10.94387],[37.14556,10.94387],[37.14557,10.94303],[37.14642,10.94304],[37.14642,10.9436],[37.14727,10.9436],[37.14727,10.94332],[37.14756,10.94333],[37.14756,10.94361],[37.14869,10.94361],[37.14869,10.94389],[37.14898,10.9439],[37.14898,10.94361],[37.14955,10.94362],[37.14955,10.94334],[37.14983,10.94334],[37.14983,10.94306],[37.15012,10.94306],[37.15012,10.94278],[37.1504,10.94278],[37.1504,10.94306],[37.15154,10.94307],[37.15182,10.94307],[37.15182,10.94335],[37.1521,10.94335],[37.1521,10.94476],[37.15238,10.94476],[37.15238,10.94504],[37.15266,10.94504],[37.15266,10.94532],[37.15295,10.94532],[37.15294,10.9456],[37.15408,10.94561],[37.15408,10.94589],[37.15493,10.9459],[37.15493,10.94618],[37.15521,10.94618],[37.15521,10.94646],[37.1555,10.94646],[37.15549,10.94674],[37.15635,10.94675],[37.15635,10.94703],[37.15663,10.94703],[37.15663,10.94731],[37.15691,10.94731],[37.15691,10.94703],[37.15805,10.94704],[37.15805,10.94676],[37.15834,10.94676],[37.15834,10.94648],[37.15862,10.94648],[37.15862,10.9462],[37.16147,10.94622],[37.16146,10.9465],[37.16175,10.9465],[37.16175,10.94706],[37.16231,10.94707],[37.16231,10.94735],[37.16345,10.94735],[37.16345,10.94707],[37.16373,10.94707],[37.16374,10.94651],[37.16488,10.94652],[37.16487,10.94708],[37.16544,10.94708],[37.16544,10.94737],[37.16601,10.94737],[37.16601,10.94765],[37.16629,10.94765],[37.16628,10.94849],[37.16685,10.9485],[37.16685,10.94878],[37.16714,10.94878],[37.16713,10.94906],[37.16827,10.94907],[37.16827,10.94935],[37.16941,10.94936],[37.1694,10.94964],[37.16997,10.94964],[37.16997,10.94936],[37.17168,10.94937],[37.17168,10.94965],[37.17196,10.94965],[37.17196,10.94993],[37.17224,10.94993],[37.17224,10.95021],[37.17338,10.95022],[37.17338,10.9505],[37.17366,10.9505],[37.17366,10.95022],[37.17452,10.95023],[37.17451,10.95079],[37.1748,10.95079],[37.1748,10.95107],[37.17508,10.95107],[37.17507,10.95192],[37.17593,10.95192],[37.17593,10.95164],[37.1765,10.95164],[37.1765,10.95193],[37.17792,10.95193],[37.17791,10.95221],[37.17848,10.95222],[37.17848,10.9525],[37.17877,10.9525],[37.17876,10.95278],[37.17905,10.95278],[37.17905,10.95306],[37.17933,10.95307],[37.17933,10.95335],[37.17961,10.95335],[37.17961,10.95363],[37.18103,10.95364],[37.18103,10.95392],[37.1816,10.95392],[37.1816,10.9542],[37.18188,10.9542],[37.18188,10.95477],[37.18216,10.95477],[37.18216,10.95533],[37.18244,10.95533],[37.18244,10.95561],[37.18273,10.95561],[37.18272,10.95589],[37.18301,10.9559],[37.183,10.95674],[37.18386,10.95674],[37.18385,10.95815],[37.18413,10.95815],[37.18413,10.95899],[37.18384,10.95899],[37.18384,10.95983],[37.18412,10.95984],[37.18412,10.96012],[37.1844,10.96012],[37.1844,10.9604],[37.18554,10.96041],[37.18554,10.96069],[37.18582,10.96069],[37.18582,10.96097],[37.18696,10.96098],[37.18695,10.96182],[37.18866,10.96183],[37.18866,10.96155],[37.18951,10.96155],[37.18951,10.96127],[37.19037,10.96128],[37.19037,10.961],[37.1915,10.961],[37.1915,10.96128],[37.19179,10.96129],[37.19179,10.96157],[37.19207,10.96157],[37.19207,10.96213],[37.19235,10.96213],[37.19235,10.96269],[37.19263,10.96269],[37.19263,10.96326],[37.19234,10.96325],[37.19234,10.96382],[37.19262,10.96382],[37.19262,10.9641],[37.19348,10.9641],[37.19348,10.96382],[37.19461,10.96383],[37.19461,10.96467],[37.19518,10.96468],[37.19518,10.96439],[37.19632,10.9644],[37.19631,10.96524],[37.1966,10.96525],[37.19659,10.96581],[37.19688,10.96581],[37.19688,10.96553],[37.1983,10.96554],[37.1983,10.96582],[37.19887,10.96582],[37.19886,10.9661],[37.19972,10.96611],[37.19971,10.96639],[37.20028,10.96639],[37.20028,10.96667],[37.20113,10.96668],[37.20113,10.96696],[37.2017,10.96696],[37.2017,10.9678],[37.20198,10.96781],[37.20198,10.96809],[37.20283,10.96809],[37.20283,10.96753],[37.20312,10.96753],[37.20312,10.96725],[37.2034,10.96725],[37.2034,10.96753],[37.20397,10.96754],[37.20397,10.96782],[37.20425,10.96782],[37.20425,10.9681],[37.20482,10.9681],[37.20482,10.96754],[37.20625,10.96755],[37.20624,10.96783],[37.20653,10.96783],[37.20653,10.96811],[37.20681,10.96811],[37.20681,10.96868],[37.20709,10.96868],[37.20709,10.96896],[37.20851,10.96897],[37.20852,10.96812],[37.20937,10.96813],[37.20937,10.96869],[37.20965,10.96869],[37.20965,10.96926],[37.21078,10.96926],[37.21078,10.96898],[37.21192,10.96899],[37.21192,10.96871],[37.21221,10.96871],[37.21221,10.96843],[37.21335,10.96843],[37.21335,10.96815],[37.21363,10.96815],[37.21363,10.96844],[37.21392,10.96844],[37.21392,10.96816],[37.2142,10.96816],[37.2142,10.96788],[37.21449,10.96788],[37.21449,10.96732],[37.21563,10.96732],[37.21563,10.96704],[37.21591,10.96704],[37.21591,10.96761],[37.21648,10.96761],[37.21648,10.96733],[37.21847,10.96734],[37.21847,10.96762],[37.21932,10.96763],[37.21932,10.96735],[37.21961,10.96735],[37.21961,10.96707],[37.22075,10.96707],[37.22074,10.96735],[37.22103,10.96736],[37.22102,10.96792],[37.22188,10.96792],[37.22188,10.96764],[37.2233,10.96765],[37.2233,10.96737],[37.22444,10.96738],[37.22444,10.96709],[37.22472,10.9671],[37.22472,10.96738],[37.22501,10.96738],[37.22501,10.9671],[37.22529,10.9671],[37.22529,10.96766],[37.227,10.96767],[37.227,10.96739],[37.22728,10.96739],[37.22728,10.96711],[37.22757,10.96711],[37.22756,10.96767],[37.22785,10.96768],[37.22784,10.96824],[37.22756,10.96824],[37.22756,10.96852],[37.22784,10.96852],[37.22784,10.9688],[37.22841,10.9688],[37.22841,10.96908],[37.22955,10.96909],[37.22955,10.96881],[37.23012,10.96881],[37.23012,10.96853],[37.2304,10.96853],[37.2304,10.96825],[37.23069,10.96825],[37.23069,10.96854],[37.23097,10.96854],[37.23097,10.96882],[37.2321,10.96882],[37.2321,10.96911],[37.23267,10.96911],[37.23267,10.96967],[37.23295,10.96967],[37.23295,10.96995],[37.23352,10.96996],[37.23352,10.96939],[37.23438,10.9694],[37.23438,10.96884],[37.23466,10.96884],[37.23467,10.96828],[37.23495,10.96828],[37.23552,10.96828],[37.23551,10.96913],[37.23523,10.96912],[37.23523,10.96969],[37.23636,10.96969],[37.23636,10.96997],[37.23665,10.96997],[37.23664,10.97026],[37.23693,10.97026],[37.23693,10.97054],[37.23721,10.97054],[37.23721,10.9711],[37.23692,10.9711],[37.23692,10.97138],[37.23777,10.97139],[37.23777,10.97167],[37.23863,10.97167],[37.23862,10.97195],[37.23891,10.97195],[37.2389,10.9728],[37.23862,10.97279],[37.23861,10.97364],[37.2389,10.97364],[37.2389,10.9742],[37.23946,10.9742],[37.23946,10.97448],[37.23975,10.97449],[37.23974,10.97589],[37.24002,10.97589],[37.24002,10.97617],[37.24059,10.97618],[37.24059,10.97646],[37.24144,10.97646],[37.24144,10.97702],[37.24172,10.97703],[37.24172,10.97759],[37.24229,10.97759],[37.24229,10.97731],[37.24257,10.97731],[37.24257,10.97703],[37.24286,10.97703],[37.24286,10.97675],[37.24314,10.97675],[37.24315,10.97619],[37.24343,10.97619],[37.24343,10.97591],[37.244,10.97592],[37.244,10.97563],[37.24429,10.97564],[37.24429,10.97507],[37.24458,10.97508],[37.24458,10.97479],[37.24486,10.9748],[37.24486,10.97452],[37.24515,10.97452],[37.24515,10.97424],[37.246,10.97424],[37.246,10.97452],[37.24628,10.97452],[37.24628,10.97509],[37.24657,10.97509],[37.24656,10.97537],[37.24685,10.97537],[37.24685,10.97565],[37.24741,10.97565],[37.24742,10.97537],[37.2477,10.97537],[37.2477,10.97566],[37.24827,10.97566],[37.24827,10.97538],[37.24855,10.97538],[37.24856,10.97482],[37.24884,10.97482],[37.24884,10.97454],[37.24913,10.97454],[37.24913,10.97426],[37.24941,10.97426],[37.24941,10.97454],[37.2497,10.97454],[37.2497,10.97426],[37.25055,10.97427],[37.25055,10.97399],[37.25112,10.97399],[37.25112,10.97427],[37.25226,10.97428],[37.25225,10.97456],[37.25396,10.97457],[37.25396,10.97485],[37.25481,10.97485],[37.25481,10.97457],[37.2551,10.97457],[37.25509,10.97486],[37.25538,10.97486],[37.25538,10.97514],[37.25595,10.97514],[37.25594,10.97542],[37.25651,10.97543],[37.25652,10.97486],[37.25737,10.97487],[37.25737,10.97459],[37.25794,10.97459],[37.25794,10.97431],[37.25879,10.97431],[37.25879,10.9746],[37.25908,10.9746],[37.25907,10.97544],[37.25879,10.97544],[37.25878,10.97628],[37.25907,10.97628],[37.25906,10.97797],[37.25934,10.97797],[37.25934,10.97825],[37.25962,10.97825],[37.25962,10.97909],[37.2599,10.9791],[37.2599,10.97938],[37.26018,10.97938],[37.26018,10.97966],[37.26047,10.97966],[37.26047,10.97994],[37.26075,10.97994],[37.26075,10.98022],[37.26103,10.98023],[37.26101,10.98332],[37.2613,10.98332],[37.2613,10.98388],[37.26186,10.98388],[37.26186,10.98501],[37.26214,10.98501],[37.26214,10.98585],[37.26185,10.98585],[37.26185,10.98641],[37.26128,10.98641],[37.26128,10.98697],[37.26099,10.98697],[37.26099,10.98753],[37.26127,10.98753],[37.26127,10.98781],[37.26099,10.98781],[37.26098,10.98949],[37.26041,10.98949],[37.26041,10.98977],[37.26012,10.98977],[37.26012,10.99033],[37.25984,10.99033],[37.25983,10.99117],[37.26012,10.99118],[37.26011,10.99202],[37.26039,10.99202],[37.26039,10.99258],[37.26011,10.99258],[37.2601,10.99398],[37.25981,10.99398],[37.2598,10.99595],[37.25952,10.99595],[37.25951,10.99679],[37.25866,10.99678],[37.25866,10.99707],[37.25838,10.99706],[37.25837,10.99734],[37.25809,10.99734],[37.25809,10.9979],[37.2578,10.9979],[37.2578,10.99818],[37.25752,10.99818],[37.25751,10.99846],[37.2578,10.99846],[37.25779,10.99931],[37.25751,10.99931],[37.25751,10.99987],[37.25665,10.99986],[37.25665,11.00014],[37.25637,11.00014],[37.25637,11.00042],[37.25608,11.00042],[37.25608,11.00126],[37.25579,11.00126],[37.25578,11.00267],[37.2555,11.00266],[37.2555,11.00323],[37.25521,11.00322],[37.25521,11.00351],[37.25464,11.0035],[37.25464,11.00378],[37.25436,11.00378],[37.25434,11.00575],[37.25406,11.00575],[37.25406,11.00603],[37.25434,11.00603],[37.25434,11.00687],[37.25405,11.00687],[37.25405,11.00771],[37.25376,11.00771],[37.25376,11.00911],[37.25347,11.00911],[37.25347,11.00939],[37.25319,11.00939],[37.25318,11.00967],[37.25205,11.00967],[37.25205,11.00995],[37.25176,11.00995],[37.25176,11.01023],[37.25147,11.01023],[37.25147,11.01051],[37.25005,11.0105],[37.25005,11.01078],[37.24977,11.01078],[37.24976,11.01134],[37.25005,11.01134],[37.25004,11.01218],[37.24919,11.01218],[37.24919,11.01246],[37.2489,11.01246],[37.2489,11.01302],[37.24862,11.01302],[37.24861,11.01358],[37.2489,11.01358],[37.24889,11.01442],[37.24946,11.01443],[37.24945,11.01555],[37.24917,11.01555],[37.24917,11.01583],[37.24945,11.01583],[37.24944,11.01724],[37.24973,11.01724],[37.24972,11.0178],[37.24916,11.0178],[37.24915,11.01864],[37.25029,11.01864],[37.25028,11.01977],[37.25057,11.01977],[37.25056,11.02033],[37.25085,11.02033],[37.25084,11.02061],[37.25141,11.02062],[37.25141,11.0209],[37.2517,11.0209],[37.25169,11.02146],[37.25255,11.02147],[37.25254,11.02175],[37.25283,11.02175],[37.25283,11.02203],[37.25311,11.02203],[37.2531,11.02315],[37.25282,11.02315],[37.25282,11.02343],[37.2531,11.02344],[37.2531,11.02372],[37.25339,11.02372],[37.25338,11.02428],[37.25367,11.02428],[37.25366,11.02569],[37.25337,11.02568],[37.25337,11.02625],[37.25365,11.02625],[37.25365,11.02653],[37.25394,11.02653],[37.25394,11.02681],[37.25422,11.02681],[37.25422,11.02709],[37.2545,11.0271],[37.2545,11.02738],[37.25422,11.02737],[37.25421,11.02794],[37.25393,11.02793],[37.25393,11.0285],[37.25421,11.0285],[37.2542,11.03018],[37.25448,11.03018],[37.25448,11.03159],[37.25419,11.03159],[37.25419,11.03187],[37.25391,11.03187],[37.2539,11.03215],[37.25362,11.03215],[37.2536,11.03467],[37.25389,11.03468],[37.25389,11.03496],[37.25417,11.03496],[37.25417,11.03524],[37.25474,11.03524],[37.25474,11.03552],[37.25502,11.03552],[37.25502,11.03609],[37.25559,11.03609],[37.25559,11.03637],[37.25814,11.03639],[37.25814,11.03667],[37.25843,11.03667],[37.25842,11.03695],[37.25871,11.03695],[37.25871,11.03723],[37.25928,11.03723],[37.25927,11.0378],[37.26069,11.0378],[37.26069,11.03837],[37.26098,11.03837],[37.26097,11.03865],[37.26126,11.03865],[37.26125,11.03921],[37.26182,11.03921],[37.26182,11.03978],[37.26267,11.03978],[37.26267,11.04006],[37.26296,11.04006],[37.26295,11.04091],[37.26324,11.04091],[37.26323,11.04175],[37.26351,11.04175],[37.26351,11.04231],[37.2638,11.04232],[37.26379,11.04288],[37.26408,11.04288],[37.26407,11.04316],[37.26464,11.04316],[37.26465,11.04288],[37.26493,11.04288],[37.26493,11.04317],[37.2655,11.04317],[37.26549,11.04345],[37.26635,11.04345],[37.26635,11.04317],[37.26663,11.04317],[37.26664,11.04289],[37.2672,11.0429],[37.2672,11.04318],[37.26976,11.04319],[37.26976,11.04347],[37.27033,11.04348],[37.27033,11.04376],[37.27118,11.04376],[37.27118,11.0432],[37.27175,11.0432],[37.27175,11.04348],[37.27203,11.04349],[37.27203,11.04377],[37.27232,11.04377],[37.27231,11.04433],[37.2726,11.04433],[37.2726,11.04461],[37.27288,11.04461],[37.27288,11.04518],[37.27316,11.04518],[37.27316,11.04546],[37.27344,11.04546],[37.27344,11.0463],[37.27372,11.0463],[37.27372,11.04659],[37.27429,11.04659],[37.27429,11.04687],[37.27457,11.04687],[37.27457,11.04715],[37.27514,11.04716],[37.27514,11.04687],[37.27713,11.04689],[37.27713,11.04717],[37.27827,11.04717],[37.27827,11.04745],[37.27855,11.04746],[37.27855,11.04774],[37.27883,11.04774],[37.27883,11.04802],[37.2794,11.04802],[37.2794,11.0483],[37.28025,11.04831],[37.28025,11.04803],[37.28082,11.04803],[37.28083,11.04691],[37.28197,11.04691],[37.28197,11.04663],[37.28225,11.04663],[37.28225,11.04635],[37.28339,11.04636],[37.28339,11.04608],[37.28368,11.04608],[37.28368,11.04552],[37.28396,11.04552],[37.28397,11.04524],[37.28425,11.04524],[37.28425,11.04496],[37.28454,11.04496],[37.28454,11.04468],[37.28511,11.04468],[37.2851,11.04525],[37.28539,11.04525],[37.28538,11.04581],[37.28567,11.04581],[37.28567,11.04609],[37.28595,11.04609],[37.28595,11.04694],[37.28566,11.04693],[37.28566,11.04722],[37.28594,11.04722],[37.28594,11.04778],[37.28623,11.04778],[37.28622,11.04806],[37.28651,11.04806],[37.28651,11.04834],[37.28679,11.04835],[37.28679,11.04891],[37.28707,11.04891],[37.28707,11.04919],[37.28736,11.04919],[37.28735,11.04947],[37.28764,11.04947],[37.28764,11.04975],[37.2882,11.04976],[37.2882,11.05032],[37.28792,11.05032],[37.28792,11.0506],[37.28706,11.05059],[37.28706,11.05172],[37.28734,11.05172],[37.28734,11.052],[37.28762,11.052],[37.28762,11.05256],[37.2879,11.05256],[37.2879,11.05313],[37.28847,11.05313],[37.28846,11.05397],[37.28818,11.05397],[37.28818,11.05481],[37.28761,11.05481],[37.28761,11.05509],[37.28732,11.05509],[37.28732,11.05537],[37.2876,11.05537],[37.2876,11.05565],[37.28732,11.05565],[37.28732,11.05593],[37.28703,11.05593],[37.28703,11.05621],[37.28675,11.05621],[37.28674,11.05649],[37.28646,11.05649],[37.28646,11.05677],[37.28617,11.05677],[37.28617,11.05705],[37.28589,11.05705],[37.28589,11.05733],[37.2856,11.05733],[37.2856,11.05761],[37.28532,11.05761],[37.28531,11.05789],[37.28674,11.0579],[37.28673,11.05818],[37.28702,11.05818],[37.28702,11.05846],[37.2873,11.05846],[37.2873,11.05874],[37.28815,11.05875],[37.28815,11.05903],[37.28957,11.05903],[37.28957,11.05875],[37.29071,11.05876],[37.29071,11.05848],[37.291,11.05848],[37.291,11.05792],[37.29157,11.05792],[37.29157,11.05764],[37.29242,11.05765],[37.29243,11.05737],[37.29328,11.05737],[37.29328,11.05709],[37.29357,11.05709],[37.29357,11.05681],[37.29385,11.05681],[37.29385,11.05653],[37.29414,11.05653],[37.29414,11.05625],[37.29528,11.05626],[37.29528,11.05598],[37.29556,11.05598],[37.29556,11.0557],[37.29613,11.0557],[37.29613,11.05542],[37.29812,11.05543],[37.29813,11.05515],[37.29869,11.05515],[37.2987,11.05487],[37.29955,11.05488],[37.29955,11.0546],[37.3004,11.0546],[37.30041,11.05432],[37.30154,11.05433],[37.30154,11.05405],[37.30183,11.05405],[37.30183,11.05377],[37.30211,11.05377],[37.30211,11.05405],[37.3024,11.05405],[37.3024,11.05433],[37.30268,11.05433],[37.30268,11.05518],[37.30296,11.05518],[37.30296,11.05546],[37.30353,11.05546],[37.30353,11.0549],[37.30438,11.0549],[37.30438,11.05519],[37.30666,11.0552],[37.30666,11.05492],[37.30694,11.05492],[37.30695,11.05408],[37.30752,11.05408],[37.30752,11.0538],[37.30809,11.0538],[37.30808,11.05408],[37.30894,11.05409],[37.30894,11.05381],[37.30922,11.05381],[37.30922,11.05353],[37.30951,11.05353],[37.30951,11.05325],[37.31179,11.05326],[37.31178,11.0541],[37.31235,11.05411],[37.31235,11.05467],[37.31263,11.05467],[37.31263,11.05495],[37.31348,11.05496],[37.31348,11.05524],[37.31376,11.05524],[37.31376,11.05552],[37.31433,11.05552],[37.31433,11.0558],[37.31461,11.0558],[37.31461,11.05609],[37.31518,11.05609],[37.31518,11.05665],[37.31546,11.05665],[37.31546,11.05721],[37.3166,11.05722],[37.31659,11.05806],[37.31688,11.05806],[37.31687,11.05835],[37.31716,11.05835],[37.31716,11.05863],[37.31915,11.05864],[37.31915,11.05892],[37.32,11.05892],[37.32,11.05921],[37.32028,11.05921],[37.32028,11.05949],[37.32056,11.05949],[37.32056,11.05977],[37.32198,11.05978],[37.32199,11.0595],[37.32227,11.0595],[37.32227,11.05922],[37.32256,11.05922],[37.32256,11.0595],[37.32341,11.05951],[37.32341,11.05979],[37.32369,11.05979],[37.32369,11.06007],[37.32397,11.06007],[37.32397,11.06035],[37.32426,11.06035],[37.32425,11.0612],[37.32454,11.0612],[37.32453,11.06176],[37.32482,11.06176],[37.32482,11.06204],[37.3251,11.06204],[37.3251,11.06232],[37.32538,11.06232],[37.32538,11.06345],[37.32566,11.06345],[37.32566,11.06401],[37.32594,11.06401],[37.32594,11.06429],[37.32622,11.0643],[37.32622,11.06486],[37.32935,11.06487],[37.32935,11.06459],[37.32992,11.0646],[37.32992,11.06432],[37.33021,11.06432],[37.33021,11.06404],[37.33049,11.06404],[37.33049,11.06348],[37.33192,11.06348],[37.33192,11.06292],[37.3322,11.06292],[37.33221,11.06096],[37.3325,11.06096],[37.3325,11.06068],[37.33279,11.06068],[37.33279,11.059],[37.33308,11.059],[37.33309,11.05703],[37.33337,11.05703],[37.33338,11.05591],[37.33367,11.05591],[37.33367,11.05563],[37.3348,11.05564],[37.33481,11.05535],[37.33509,11.05536],[37.33509,11.05564],[37.33566,11.05564],[37.33566,11.05592],[37.33622,11.05592],[37.33622,11.05621],[37.33736,11.05621],[37.33736,11.05593],[37.33821,11.05594],[37.33821,11.05622],[37.34077,11.05623],[37.34077,11.05651],[37.34105,11.05651],[37.34106,11.05567],[37.34163,11.05567],[37.34163,11.05539],[37.34191,11.05539],[37.34192,11.05511],[37.3422,11.05511],[37.3422,11.05483],[37.34249,11.05484],[37.34249,11.05455],[37.34363,11.05456],[37.34363,11.05428],[37.34732,11.0543],[37.34732,11.05402],[37.34761,11.05402],[37.34761,11.0543],[37.34846,11.05431],[37.34846,11.05459],[37.34903,11.05459],[37.34903,11.05487],[37.34988,11.05488],[37.34988,11.05516],[37.35016,11.05516],[37.35016,11.05544],[37.35044,11.05544],[37.35045,11.05516],[37.35101,11.05516],[37.35101,11.05544],[37.3513,11.05545],[37.3513,11.05516],[37.35158,11.05517],[37.35159,11.05488],[37.35244,11.05489],[37.35244,11.05461],[37.35272,11.05461],[37.35273,11.05433],[37.35301,11.05433],[37.35329,11.05433],[37.35329,11.05461],[37.35386,11.05462],[37.35386,11.0549],[37.35443,11.0549],[37.35443,11.05518],[37.35471,11.05518],[37.35471,11.05546],[37.35556,11.05547],[37.35556,11.05575],[37.35613,11.05575],[37.35613,11.05603],[37.3567,11.05604],[37.3567,11.05632],[37.35698,11.05632],[37.35698,11.0566],[37.35669,11.0566],[37.35667,11.06025],[37.35696,11.06025],[37.35695,11.06081],[37.35724,11.06081],[37.35724,11.0611],[37.35752,11.0611],[37.35752,11.06138],[37.3578,11.06138],[37.3578,11.06166],[37.35837,11.06166],[37.35837,11.06194],[37.35865,11.06195],[37.35865,11.06223],[37.35894,11.06223],[37.35893,11.06279],[37.3595,11.06279],[37.3595,11.06307],[37.36035,11.06308],[37.36035,11.06336],[37.36064,11.06336],[37.36064,11.06364],[37.36263,11.06365],[37.36262,11.06393],[37.36462,11.06394],[37.36461,11.06423],[37.3649,11.06423],[37.3649,11.06451],[37.36547,11.06451],[37.36546,11.06591],[37.36517,11.06591],[37.36517,11.06619],[37.36489,11.06619],[37.36488,11.06675],[37.3646,11.06675],[37.3646,11.0676],[37.36488,11.0676],[37.36488,11.06788],[37.36516,11.06788],[37.36515,11.06956],[37.36572,11.06957],[37.36572,11.06985],[37.36629,11.06985],[37.36629,11.07013],[37.36657,11.07013],[37.36657,11.0707],[37.36714,11.0707],[37.36714,11.07098],[37.36742,11.07098],[37.36742,11.07126],[37.3677,11.07126],[37.3677,11.07183],[37.36798,11.07183],[37.36798,11.07211],[37.36827,11.07211],[37.36826,11.07295],[37.36798,11.07295],[37.36798,11.07323],[37.36826,11.07323],[37.36826,11.07351],[37.36883,11.07352],[37.36883,11.0738],[37.36911,11.0738],[37.36911,11.07352],[37.36997,11.07352],[37.36996,11.07493],[37.37109,11.07493],[37.37109,11.07521],[37.37195,11.07522],[37.37194,11.0755],[37.37223,11.0755],[37.37223,11.07578],[37.37251,11.07578],[37.37251,11.07607],[37.37279,11.07607],[37.37279,11.07635],[37.37393,11.07635],[37.37393,11.07692],[37.37364,11.07691],[37.37364,11.07748],[37.37222,11.07747],[37.37222,11.07775],[37.3725,11.07775],[37.3725,11.07831],[37.37278,11.07831],[37.37277,11.08028],[37.37306,11.08028],[37.37305,11.08084],[37.37334,11.08084],[37.37334,11.08113],[37.37362,11.08113],[37.37362,11.08141],[37.3739,11.08141],[37.3739,11.08169],[37.37419,11.08169],[37.37418,11.08197],[37.37447,11.08197],[37.37446,11.08282],[37.37475,11.08282],[37.37475,11.0831],[37.37503,11.0831],[37.37503,11.08394],[37.37531,11.08395],[37.37531,11.08423],[37.37588,11.08423],[37.37588,11.08451],[37.37616,11.08451],[37.37616,11.08479],[37.37644,11.08479],[37.37644,11.08507],[37.37673,11.08508],[37.37672,11.0862],[37.377,11.0862],[37.377,11.08676],[37.37729,11.08676],[37.37728,11.08789],[37.37756,11.08789],[37.37756,11.08817],[37.37785,11.08817],[37.37784,11.08901],[37.37841,11.08902],[37.37841,11.0893],[37.37869,11.0893],[37.37869,11.08958],[37.37898,11.08958],[37.37897,11.09043],[37.38011,11.09043],[37.38011,11.09071],[37.38068,11.09072],[37.38068,11.091],[37.38096,11.091],[37.38096,11.09128],[37.38124,11.09128],[37.38124,11.09156],[37.38153,11.09156],[37.38152,11.09241],[37.38181,11.09241],[37.3818,11.09269],[37.38209,11.09269],[37.38208,11.09325],[37.38237,11.09325],[37.38237,11.09353],[37.38265,11.09353],[37.38265,11.09382],[37.3835,11.09382],[37.3835,11.0941],[37.38407,11.0941],[37.38407,11.09439],[37.38435,11.09439],[37.38435,11.09467],[37.38492,11.09467],[37.38492,11.09495],[37.38549,11.09495],[37.38549,11.09524],[37.38634,11.09524],[37.38634,11.09496],[37.38691,11.09496],[37.38691,11.09524],[37.38719,11.09524],[37.38719,11.09553],[37.38691,11.09552],[37.3869,11.09665],[37.38719,11.09665],[37.38718,11.09693],[37.38747,11.09693],[37.38747,11.09749],[37.38803,11.0975],[37.38804,11.09722],[37.38832,11.09722],[37.38831,11.09834],[37.3886,11.09834],[37.3886,11.09862],[37.39002,11.09863],[37.39001,11.09975],[37.3903,11.09976],[37.39029,11.1006],[37.39058,11.1006],[37.39057,11.10088],[37.39086,11.10088],[37.39086,11.10116],[37.39114,11.10116],[37.39114,11.10229],[37.39085,11.10229],[37.39085,11.10257],[37.39057,11.10257],[37.39056,11.10285],[37.39028,11.10285],[37.39028,11.10313],[37.38999,11.10312],[37.38999,11.10397],[37.3897,11.10397],[37.3897,11.10425],[37.38942,11.10425],[37.38942,11.10453],[37.388,11.10452],[37.38799,11.1048],[37.38771,11.1048],[37.38771,11.10508],[37.38742,11.10508],[37.38741,11.10676],[37.38685,11.10676],[37.38684,11.10704],[37.38656,11.10704],[37.38656,11.10732],[37.38627,11.10732],[37.38627,11.1076],[37.3857,11.1076],[37.3857,11.10732],[37.38514,11.10731],[37.38513,11.10759],[37.38457,11.10759],[37.38456,11.10871],[37.38484,11.10871],[37.38484,11.11012],[37.38512,11.11012],[37.38512,11.11096],[37.3854,11.11097],[37.3854,11.11153],[37.38568,11.11153],[37.38568,11.11209],[37.38596,11.11209],[37.38596,11.11265],[37.38624,11.11265],[37.38624,11.1135],[37.38652,11.1135],[37.38652,11.11406],[37.38681,11.11406],[37.3868,11.11462],[37.38709,11.11463],[37.38708,11.11519],[37.38737,11.11519],[37.38736,11.11575],[37.38765,11.11575],[37.38765,11.11603],[37.3885,11.11604],[37.3885,11.11576],[37.38936,11.11576],[37.38935,11.11604],[37.38964,11.11604],[37.38964,11.11632],[37.38992,11.11633],[37.38992,11.11661],[37.3902,11.11661],[37.3902,11.11717],[37.38992,11.11717],[37.38992,11.11745],[37.3902,11.11745],[37.3902,11.11773],[37.39077,11.11774],[37.39077,11.11802],[37.39105,11.11802],[37.39105,11.11858],[37.39133,11.11858],[37.39133,11.11886],[37.39161,11.11886],[37.39162,11.11858],[37.3919,11.11858],[37.3919,11.11802],[37.39219,11.11802],[37.39219,11.11774],[37.39276,11.11775],[37.39276,11.11747],[37.39418,11.11747],[37.39419,11.11663],[37.39447,11.11663],[37.39447,11.11635],[37.39476,11.11635],[37.39476,11.11551],[37.39391,11.1155],[37.39391,11.11522],[37.39362,11.11522],[37.39363,11.11466],[37.39391,11.11466],[37.39391,11.11438],[37.3942,11.11438],[37.3942,11.11326],[37.39477,11.11326],[37.39477,11.11298],[37.39534,11.11298],[37.39534,11.11327],[37.39563,11.11327],[37.39563,11.11299],[37.39591,11.11299],[37.39591,11.11271],[37.3962,11.11271],[37.3962,11.11243],[37.39648,11.11243],[37.39649,11.11131],[37.39677,11.11131],[37.39678,11.11103],[37.39763,11.11103],[37.39763,11.11075],[37.39792,11.11075],[37.39792,11.11047],[37.3982,11.11047],[37.3982,11.11019],[37.39849,11.11019],[37.39849,11.10991],[37.39877,11.10991],[37.39878,11.10963],[37.39934,11.10964],[37.39935,11.10935],[37.39991,11.10936],[37.39992,11.10908],[37.4002,11.10908],[37.4002,11.1088],[37.40049,11.1088],[37.40049,11.10852],[37.40077,11.10852],[37.40077,11.10824],[37.40106,11.10824],[37.40106,11.10768],[37.40135,11.10768],[37.40135,11.1074],[37.40163,11.1074],[37.40163,11.10712],[37.40192,11.10712],[37.40192,11.10684],[37.40363,11.10685],[37.40363,11.10629],[37.40448,11.10629],[37.40448,11.10657],[37.40533,11.10658],[37.40533,11.1063],[37.40562,11.1063],[37.40562,11.10602],[37.40704,11.10602],[37.40704,11.10659],[37.40789,11.10659],[37.40789,11.10631],[37.40818,11.10631],[37.40818,11.10603],[37.40846,11.10603],[37.40847,11.10575],[37.40875,11.10575],[37.40875,11.10547],[37.40904,11.10547],[37.40903,11.10575],[37.41046,11.10576],[37.41046,11.10604],[37.41102,11.10605],[37.41102,11.10633],[37.41188,11.10633],[37.41188,11.10605],[37.41216,11.10605],[37.41217,11.10521],[37.41245,11.10521],[37.41245,11.10493],[37.41274,11.10493],[37.41274,11.10465],[37.41302,11.10465],[37.41302,11.10437],[37.41359,11.10437],[37.41359,11.10409],[37.41388,11.10409],[37.41388,11.10381],[37.41416,11.10381],[37.41417,11.10325],[37.41445,11.10325],[37.41445,11.10297],[37.41474,11.10298],[37.41474,11.10269],[37.41502,11.1027],[37.41503,11.10129],[37.41475,11.10129],[37.41475,11.10073],[37.41447,11.10073],[37.41447,11.10045],[37.41418,11.10044],[37.41418,11.10016],[37.4139,11.10016],[37.4139,11.09988],[37.41419,11.09988],[37.41419,11.0996],[37.41476,11.0996],[37.41476,11.09932],[37.41618,11.09933],[37.41618,11.09961],[37.41646,11.09961],[37.41646,11.09933],[37.41675,11.09933],[37.41675,11.09905],[37.41732,11.09906],[37.41732,11.09821],[37.41761,11.09821],[37.41761,11.09793],[37.41789,11.09794],[37.4179,11.09709],[37.41818,11.09709],[37.41818,11.09681],[37.41847,11.09681],[37.41847,11.09653],[37.41875,11.09654],[37.41876,11.09625],[37.41904,11.09626],[37.41904,11.09598],[37.41933,11.09598],[37.41934,11.09429],[37.41905,11.09429],[37.41905,11.09401],[37.41848,11.09401],[37.41849,11.09316],[37.41877,11.09316],[37.41877,11.09288],[37.41934,11.09289],[37.41934,11.09261],[37.41991,11.09261],[37.41992,11.09205],[37.4202,11.09205],[37.42021,11.09121],[37.41992,11.0912],[37.41992,11.09092],[37.41964,11.09092],[37.41964,11.09064],[37.41992,11.09064],[37.41993,11.09008],[37.42021,11.09008],[37.42021,11.0898],[37.4205,11.0898],[37.4205,11.08924],[37.42107,11.08924],[37.42107,11.08896],[37.42135,11.08896],[37.42136,11.08868],[37.42164,11.08869],[37.42165,11.08756],[37.42193,11.08756],[37.42193,11.087],[37.42222,11.087],[37.42222,11.08672],[37.4225,11.08672],[37.42251,11.08644],[37.42279,11.08644],[37.42279,11.08616],[37.42336,11.08617],[37.42336,11.08645],[37.42393,11.08645],[37.42393,11.08617],[37.42421,11.08617],[37.42422,11.08589],[37.4245,11.08589],[37.4245,11.08533],[37.42507,11.08533],[37.42507,11.08477],[37.42536,11.08477],[37.42536,11.08449],[37.42593,11.08449],[37.42593,11.08478],[37.42678,11.08478],[37.42678,11.0845],[37.4282,11.08451],[37.42821,11.08423],[37.42849,11.08423],[37.42849,11.08367],[37.42878,11.08367],[37.42878,11.08339],[37.42906,11.08339],[37.42906,11.08311],[37.42963,11.08311],[37.42964,11.08283],[37.43077,11.08283],[37.43078,11.08227],[37.43106,11.08227],[37.43106,11.08199],[37.43135,11.08199],[37.43135,11.08143],[37.43192,11.08144],[37.43192,11.08115],[37.4322,11.08116],[37.4322,11.08088],[37.43249,11.08088],[37.43249,11.08116],[37.43334,11.08116],[37.43334,11.08088],[37.43391,11.08088],[37.43391,11.08117],[37.43476,11.08117],[37.43476,11.08089],[37.43505,11.08089],[37.43505,11.08033],[37.43534,11.08033],[37.43534,11.08005],[37.43619,11.08005],[37.43619,11.07977],[37.43648,11.07977],[37.43648,11.07921],[37.43676,11.07921],[37.43677,11.07893],[37.43733,11.07894],[37.43733,11.07922],[37.43819,11.07922],[37.43819,11.07894],[37.43876,11.07894],[37.43876,11.07866],[37.43961,11.07867],[37.43961,11.07839],[37.44018,11.07839],[37.44018,11.07895],[37.44046,11.07895],[37.44046,11.07923],[37.44075,11.07923],[37.44074,11.08008],[37.44103,11.08008],[37.44102,11.08036],[37.44188,11.08036],[37.44188,11.08064],[37.44244,11.08065],[37.44244,11.08093],[37.44273,11.08093],[37.44273,11.08065],[37.4433,11.08065],[37.4433,11.08093],[37.44443,11.08094],[37.44443,11.08178],[37.44614,11.08179],[37.44613,11.08207],[37.44642,11.08207],[37.44642,11.08263],[37.4467,11.08264],[37.4467,11.08292],[37.44812,11.08292],[37.44812,11.08377],[37.44868,11.08377],[37.44868,11.08405],[37.44897,11.08405],[37.44897,11.08433],[37.44925,11.08433],[37.44925,11.08462],[37.4501,11.08462],[37.4501,11.0849],[37.45067,11.0849],[37.45067,11.08518],[37.45181,11.08519],[37.4518,11.08547],[37.45209,11.08547],[37.45209,11.08575],[37.45237,11.08575],[37.45237,11.08604],[37.45265,11.08604],[37.45265,11.08716],[37.45293,11.08716],[37.45293,11.08744],[37.4535,11.08745],[37.4535,11.08773],[37.45407,11.08773],[37.45406,11.08829],[37.45435,11.08829],[37.45435,11.08885],[37.45406,11.08885],[37.45406,11.08942],[37.45434,11.08942],[37.45434,11.0897],[37.45463,11.0897],[37.45462,11.08998],[37.45491,11.08998],[37.4549,11.09195],[37.45518,11.09195],[37.45518,11.09223],[37.45575,11.09223],[37.45575,11.09251],[37.45603,11.09252],[37.45603,11.0928],[37.45632,11.0928],[37.45631,11.09308],[37.4566,11.09308],[37.4566,11.09336],[37.45688,11.09336],[37.45687,11.09505],[37.45716,11.09505],[37.45716,11.09533],[37.45744,11.09533],[37.45744,11.09617],[37.45772,11.09618],[37.45772,11.09702],[37.45828,11.09702],[37.45828,11.0973],[37.45857,11.0973],[37.45857,11.09758],[37.45913,11.09759],[37.45913,11.09787],[37.4597,11.09787],[37.4597,11.09815],[37.46027,11.09816],[37.46027,11.09844],[37.46084,11.09844],[37.46084,11.09872],[37.46112,11.09872],[37.46112,11.09956],[37.4614,11.09957],[37.4614,11.09985],[37.46168,11.09985],[37.46168,11.10013],[37.46197,11.10013],[37.46196,11.10069],[37.46225,11.10069],[37.46224,11.10126],[37.46281,11.10126],[37.46281,11.1021],[37.46309,11.1021],[37.46309,11.10266],[37.46337,11.10267],[37.46337,11.10323],[37.46366,11.10323],[37.46365,11.10351],[37.46394,11.10351],[37.46394,11.10407],[37.46422,11.10407],[37.46422,11.10436],[37.46479,11.10436],[37.46479,11.10464],[37.46507,11.10464],[37.46507,11.1052],[37.46564,11.1052],[37.46563,11.10549],[37.46763,11.1055],[37.46762,11.10578],[37.46848,11.10578],[37.46847,11.10719],[37.46762,11.10718],[37.46762,11.10746],[37.46733,11.10746],[37.46732,11.10943],[37.46761,11.10943],[37.4676,11.10971],[37.46789,11.10971],[37.46788,11.11055],[37.46817,11.11056],[37.46816,11.11196],[37.46845,11.11196],[37.46844,11.11224],[37.46873,11.11224],[37.46873,11.11281],[37.46958,11.11281],[37.46958,11.11253],[37.47043,11.11253],[37.47043,11.11338],[37.47071,11.11338],[37.47071,11.11366],[37.471,11.11366],[37.47099,11.11394],[37.47128,11.11394],[37.47128,11.11366],[37.47156,11.11366],[37.47156,11.11394],[37.47185,11.11394],[37.47185,11.11423],[37.4727,11.11423],[37.4727,11.11451],[37.47298,11.11451],[37.47299,11.11395],[37.47327,11.11395],[37.47327,11.11339],[37.47356,11.11339],[37.47356,11.11311],[37.47384,11.11311],[37.47384,11.11339],[37.47413,11.11339],[37.47412,11.11368],[37.47441,11.11368],[37.47441,11.11396],[37.47469,11.11396],[37.47469,11.11424],[37.47498,11.11424],[37.47497,11.11452],[37.47554,11.11453],[37.47554,11.11481],[37.47583,11.11481],[37.47582,11.11509],[37.47611,11.11509],[37.47611,11.11537],[37.47639,11.11537],[37.47639,11.11593],[37.47781,11.11594],[37.47781,11.11566],[37.4781,11.11566],[37.4781,11.11538],[37.47867,11.11538],[37.47867,11.11566],[37.4798,11.11567],[37.4798,11.11539],[37.48009,11.11539],[37.48009,11.11511],[37.48037,11.11511],[37.48037,11.11539],[37.48066,11.11539],[37.48066,11.11567],[37.48151,11.11568],[37.48151,11.11596],[37.48208,11.11596],[37.48208,11.11624],[37.48236,11.11624],[37.48236,11.11653],[37.48264,11.11653],[37.48264,11.11681],[37.48406,11.11682],[37.48406,11.1171],[37.48463,11.1171],[37.48463,11.11738],[37.4852,11.11738],[37.4852,11.11766],[37.48548,11.11767],[37.48548,11.11795],[37.48662,11.11795],[37.48662,11.11823],[37.48718,11.11824],[37.48718,11.11852],[37.48747,11.11852],[37.48747,11.11824],[37.48832,11.11824],[37.48832,11.1188],[37.4886,11.1188],[37.4886,11.11909],[37.48889,11.11909],[37.48889,11.11937],[37.48945,11.11937],[37.48945,11.11965],[37.49002,11.11965],[37.49001,11.12106],[37.49058,11.12106],[37.49058,11.12134],[37.49087,11.12134],[37.49087,11.12162],[37.49115,11.12163],[37.49115,11.12247],[37.49171,11.12247],[37.49171,11.12303],[37.492,11.12304],[37.49199,11.1236],[37.49228,11.1236],[37.49228,11.12388],[37.49256,11.12388],[37.49256,11.12416],[37.49284,11.12416],[37.49284,11.12388],[37.49341,11.12389],[37.49341,11.12417],[37.4937,11.12417],[37.49369,11.12473],[37.49398,11.12473],[37.49398,11.12501],[37.49426,11.12501],[37.49426,11.12529],[37.4954,11.1253],[37.49539,11.12586],[37.49568,11.12586],[37.49568,11.12614],[37.49596,11.12615],[37.49596,11.12643],[37.49653,11.12643],[37.49653,11.12671],[37.49681,11.12671],[37.49681,11.12699],[37.4971,11.12699],[37.49709,11.12727],[37.49738,11.12728],[37.49738,11.12756],[37.49795,11.12756],[37.49795,11.12728],[37.49852,11.12728],[37.49851,11.12841],[37.49879,11.12841],[37.49879,11.12869],[37.49908,11.12869],[37.49908,11.12897],[37.49964,11.12897],[37.49964,11.12982],[37.49993,11.12982],[37.49992,11.13038],[37.50021,11.13038],[37.50021,11.13066],[37.50049,11.13066],[37.50049,11.13094],[37.5002,11.13094],[37.5002,11.13122],[37.50049,11.13122],[37.50048,11.13179],[37.50077,11.13179],[37.50077,11.13235],[37.50105,11.13235],[37.50105,11.13291],[37.50162,11.13292],[37.50161,11.1332],[37.50247,11.1332],[37.50246,11.13404],[37.50303,11.13405],[37.50303,11.13433],[37.5036,11.13433],[37.5036,11.13461],[37.50388,11.13461],[37.50388,11.13489],[37.50445,11.1349],[37.50445,11.13574],[37.50473,11.13574],[37.50473,11.13602],[37.5053,11.13602],[37.5053,11.1363],[37.50558,11.13631],[37.50558,11.13687],[37.50728,11.13688],[37.50728,11.13716],[37.50757,11.13716],[37.50757,11.13744],[37.50814,11.13744],[37.50813,11.13772],[37.50842,11.13772],[37.50842,11.13744],[37.50956,11.13745],[37.50956,11.13773],[37.51126,11.13774],[37.51126,11.13746],[37.51297,11.13747],[37.51297,11.13719],[37.51326,11.13719],[37.51326,11.13691],[37.51354,11.13691],[37.51354,11.13663],[37.51383,11.13663],[37.51383,11.13635],[37.51468,11.13635],[37.51468,11.13663],[37.51525,11.13663],[37.51525,11.13635],[37.51667,11.13636],[37.51667,11.13664],[37.51696,11.13664],[37.51696,11.13636],[37.51724,11.13636],[37.51724,11.13693],[37.51752,11.13693],[37.51752,11.13805],[37.51695,11.13805],[37.51694,11.13945],[37.51723,11.13945],[37.51723,11.13973],[37.51751,11.13974],[37.51751,11.14002],[37.51779,11.14002],[37.51779,11.1403],[37.51808,11.1403],[37.51807,11.14086],[37.51836,11.14086],[37.51836,11.14114],[37.51978,11.14115],[37.51977,11.14256],[37.52006,11.14256],[37.52006,11.14284],[37.52034,11.14284],[37.52034,11.1434],[37.52119,11.14341],[37.52119,11.14369],[37.52147,11.14369],[37.52147,11.14397],[37.52176,11.14397],[37.52175,11.14425],[37.52289,11.14426],[37.52289,11.14454],[37.52232,11.14453],[37.52232,11.14482],[37.52204,11.14481],[37.52203,11.14594],[37.52374,11.14595],[37.52374,11.14567],[37.52516,11.14567],[37.52516,11.14595],[37.52658,11.14596],[37.52658,11.14624],[37.52715,11.14624],[37.52715,11.14652],[37.52743,11.14653],[37.52743,11.14681],[37.52772,11.14681],[37.52771,11.14709],[37.528,11.14709],[37.528,11.14737],[37.52828,11.14737],[37.52828,11.14794],[37.52856,11.14794],[37.52856,11.14878],[37.52884,11.14878],[37.52883,11.15075],[37.52912,11.15075],[37.52912,11.15103],[37.5294,11.15103],[37.5294,11.15159],[37.52968,11.15159],[37.52968,11.15187],[37.52997,11.15188],[37.52996,11.15244],[37.53053,11.15244],[37.53053,11.15272],[37.53081,11.15272],[37.53081,11.153],[37.5311,11.15301],[37.5311,11.15329],[37.53138,11.15329],[37.53137,11.15469],[37.53166,11.15469],[37.53166,11.15497],[37.53251,11.15498],[37.5325,11.15666],[37.53279,11.15667],[37.53279,11.15695],[37.53307,11.15695],[37.53307,11.15723],[37.53364,11.15723],[37.53364,11.15751],[37.53392,11.15751],[37.53392,11.15779],[37.5342,11.1578],[37.5342,11.15892],[37.53448,11.15892],[37.53448,11.1592],[37.5342,11.1592],[37.53419,11.15948],[37.53476,11.15948],[37.53476,11.15976],[37.53505,11.15977],[37.53505,11.16005],[37.53533,11.16005],[37.53533,11.16061],[37.53504,11.16061],[37.53504,11.16173],[37.53532,11.16173],[37.53531,11.16314],[37.53503,11.16314],[37.53503,11.16342],[37.53474,11.16342],[37.53474,11.16398],[37.53503,11.16398],[37.53502,11.16426],[37.53531,11.16426],[37.5353,11.1651],[37.53559,11.16511],[37.53559,11.16539],[37.53587,11.16539],[37.53587,11.16623],[37.53615,11.16623],[37.53615,11.16764],[37.53671,11.16764],[37.53671,11.16792],[37.53643,11.16792],[37.53643,11.16848],[37.53671,11.16848],[37.53671,11.16904],[37.53699,11.16905],[37.53699,11.16933],[37.53756,11.16933],[37.53755,11.17017],[37.53812,11.17018],[37.53812,11.17046],[37.53841,11.17046],[37.53841,11.17074],[37.53954,11.17074],[37.53954,11.17159],[37.54068,11.17159],[37.54068,11.17187],[37.54153,11.17188],[37.54153,11.17216],[37.54181,11.17216],[37.54181,11.17188],[37.54267,11.17188],[37.54267,11.17216],[37.54295,11.17216],[37.54295,11.17188],[37.54324,11.17189],[37.54324,11.1716],[37.54409,11.17161],[37.54409,11.17189],[37.54437,11.17189],[37.54437,11.17245],[37.54522,11.17246],[37.54522,11.17274],[37.54551,11.17274],[37.5455,11.17358],[37.54636,11.17359],[37.54636,11.17387],[37.54692,11.17387],[37.54692,11.17415],[37.54721,11.17415],[37.5472,11.17499],[37.54749,11.175],[37.54749,11.17528],[37.54777,11.17528],[37.54777,11.17556],[37.54834,11.17556],[37.54834,11.17612],[37.54862,11.17613],[37.54862,11.17641],[37.5489,11.17641],[37.5489,11.17669],[37.54919,11.17669],[37.54919,11.17697],[37.54947,11.17697],[37.54947,11.17753],[37.55004,11.17754],[37.55004,11.17726],[37.55032,11.17726],[37.55032,11.17754],[37.55089,11.17754],[37.55089,11.17782],[37.55174,11.17783],[37.55174,11.17754],[37.55231,11.17755],[37.55231,11.17783],[37.55345,11.17783],[37.55345,11.1784],[37.55373,11.1784],[37.55373,11.17868],[37.5543,11.17868],[37.5543,11.17896],[37.55458,11.17896],[37.55458,11.17924],[37.55486,11.17925],[37.55486,11.17953],[37.55515,11.17953],[37.55515,11.17981],[37.55543,11.17981],[37.55543,11.18009],[37.55571,11.18009],[37.55571,11.18037],[37.556,11.18037],[37.55599,11.18066],[37.55656,11.18066],[37.55656,11.18094],[37.55713,11.18094],[37.55713,11.18122],[37.55741,11.18122],[37.55741,11.18151],[37.55855,11.18151],[37.55855,11.18123],[37.55912,11.18123],[37.55912,11.18151],[37.56054,11.18152],[37.56054,11.1818],[37.56083,11.1818],[37.56082,11.18236],[37.56054,11.18236],[37.56054,11.18264],[37.56025,11.18264],[37.56025,11.18292],[37.56054,11.18292],[37.56053,11.18321],[37.5611,11.18321],[37.5611,11.18349],[37.56167,11.18349],[37.56166,11.1849],[37.56195,11.1849],[37.56195,11.18518],[37.56223,11.18518],[37.56223,11.18546],[37.56251,11.18546],[37.56251,11.18602],[37.5628,11.18603],[37.5628,11.18631],[37.56308,11.18631],[37.56308,11.18659],[37.56393,11.18659],[37.56393,11.18715],[37.56421,11.18716],[37.56421,11.18744],[37.5662,11.18745],[37.5662,11.18801],[37.56649,11.18801],[37.56648,11.18829],[37.56677,11.18829],[37.56677,11.18857],[37.56705,11.18857],[37.56705,11.18886],[37.56762,11.18886],[37.56762,11.18942],[37.5679,11.18942],[37.5679,11.1897],[37.56961,11.18971],[37.56961,11.18999],[37.57017,11.18999],[37.57018,11.18943],[37.57103,11.18944],[37.57103,11.18916],[37.57132,11.18916],[37.57132,11.18888],[37.57331,11.18889],[37.57331,11.18945],[37.57388,11.18945],[37.57387,11.18973],[37.57501,11.18974],[37.57501,11.19002],[37.5753,11.19002],[37.57529,11.1903],[37.57586,11.1903],[37.57586,11.19002],[37.57643,11.19002],[37.57643,11.18974],[37.57757,11.18975],[37.57757,11.19031],[37.57871,11.19032],[37.57871,11.1906],[37.57956,11.1906],[37.57956,11.19088],[37.58013,11.19088],[37.58013,11.1906],[37.58041,11.1906],[37.58041,11.19089],[37.5807,11.19089],[37.58069,11.19145],[37.58041,11.19145],[37.5804,11.19313],[37.58097,11.19314],[37.58097,11.1937],[37.58182,11.1937],[37.58182,11.19342],[37.58211,11.19342],[37.58211,11.19258],[37.5824,11.19258],[37.5824,11.1923],[37.58297,11.1923],[37.58297,11.19202],[37.58325,11.19202],[37.58325,11.19174],[37.58354,11.19174],[37.58354,11.19202],[37.58382,11.19203],[37.58382,11.19259],[37.58353,11.19259],[37.58353,11.19287],[37.58524,11.19287],[37.58524,11.19259],[37.58581,11.1926],[37.58581,11.19288],[37.58638,11.19288],[37.58638,11.1926],[37.58666,11.1926],[37.58666,11.19288],[37.58752,11.19289],[37.58751,11.19317],[37.5878,11.19317],[37.5878,11.19345],[37.58894,11.19345],[37.58893,11.19373],[37.5895,11.19374],[37.5895,11.19402],[37.58979,11.19402],[37.58979,11.19374],[37.59064,11.19374],[37.59064,11.19402],[37.59092,11.19403],[37.59092,11.19459],[37.59064,11.19459],[37.59063,11.19571],[37.59092,11.19571],[37.59091,11.19655],[37.59148,11.19656],[37.59148,11.19712],[37.59176,11.19712],[37.59176,11.1974],[37.59205,11.1974],[37.59204,11.19824],[37.59346,11.19825],[37.59347,11.19797],[37.5946,11.19798],[37.5946,11.19826],[37.59517,11.19826],[37.59517,11.19854],[37.59545,11.19854],[37.59545,11.19882],[37.59574,11.19882],[37.59574,11.1991],[37.59631,11.19911],[37.5963,11.19939],[37.59687,11.19939],[37.59687,11.19967],[37.59744,11.19967],[37.59744,11.20024],[37.59772,11.20024],[37.59772,11.2008],[37.598,11.2008],[37.598,11.20108],[37.59829,11.20108],[37.59829,11.20136],[37.59857,11.20136],[37.59857,11.20108],[37.59914,11.20109],[37.59914,11.20081],[37.6,11.20081],[37.59999,11.20137],[37.60028,11.20137],[37.60028,11.20193],[37.60056,11.20194],[37.60056,11.20222],[37.60113,11.20222],[37.60113,11.2025],[37.60141,11.2025],[37.60141,11.20278],[37.60112,11.20278],[37.60112,11.20334],[37.60055,11.20334],[37.60055,11.20362],[37.60027,11.20362],[37.60027,11.20334],[37.59998,11.20334],[37.59998,11.20362],[37.5997,11.20362],[37.5997,11.20418],[37.59941,11.20418],[37.59941,11.20474],[37.60026,11.20474],[37.60026,11.20502],[37.60083,11.20503],[37.60083,11.20587],[37.60139,11.20587],[37.60139,11.20615],[37.60196,11.20616],[37.60196,11.20644],[37.60225,11.20644],[37.60224,11.20756],[37.60309,11.20757],[37.60309,11.20729],[37.60338,11.20729],[37.60338,11.20757],[37.60366,11.20757],[37.60366,11.20785],[37.60395,11.20785],[37.60394,11.20813],[37.60451,11.20813],[37.60451,11.2087],[37.6048,11.2087],[37.60479,11.20926],[37.60508,11.20926],[37.60508,11.20954],[37.6065,11.20955],[37.6065,11.20983],[37.60707,11.20983],[37.60706,11.21011],[37.60792,11.21012],[37.60792,11.20956],[37.60849,11.20956],[37.60849,11.20984],[37.60991,11.20985],[37.60991,11.21013],[37.61048,11.21013],[37.61048,11.20985],[37.61077,11.20985],[37.61076,11.21013],[37.61162,11.21013],[37.61162,11.21042],[37.61219,11.21042],[37.61218,11.2107],[37.61247,11.2107],[37.61247,11.21098],[37.61275,11.21098],[37.61275,11.21126],[37.61389,11.21127],[37.61389,11.21155],[37.61531,11.21156],[37.61531,11.21184],[37.61559,11.21184],[37.61559,11.21212],[37.61701,11.21213],[37.61701,11.21241],[37.61758,11.21241],[37.61758,11.21297],[37.61786,11.21297],[37.61786,11.21325],[37.61758,11.21325],[37.61758,11.21381],[37.61786,11.21382],[37.61786,11.2141],[37.61843,11.2141],[37.61843,11.21438],[37.61871,11.21438],[37.61871,11.21382],[37.61928,11.21382],[37.61928,11.21354],[37.61985,11.21354],[37.61985,11.21382],[37.62014,11.21383],[37.62013,11.21439],[37.62042,11.21439],[37.62042,11.21467],[37.6207,11.21467],[37.6207,11.21523],[37.62098,11.21523],[37.62098,11.21552],[37.62127,11.21552],[37.62126,11.21636],[37.6224,11.21636],[37.6224,11.21665],[37.62211,11.21664],[37.62211,11.21693],[37.6224,11.21693],[37.6224,11.21721],[37.62297,11.21721],[37.62296,11.21777],[37.62325,11.21777],[37.62325,11.21805],[37.62353,11.21806],[37.62353,11.21862],[37.6241,11.21862],[37.6241,11.2189],[37.62466,11.2189],[37.62466,11.21918],[37.62495,11.21919],[37.62495,11.21975],[37.62523,11.21975],[37.62523,11.22003],[37.62551,11.22003],[37.62551,11.22059],[37.62579,11.22059],[37.62579,11.22087],[37.62608,11.22088],[37.62608,11.22116],[37.62665,11.22116],[37.62664,11.22144],[37.62693,11.22144],[37.62693,11.222],[37.62721,11.22201],[37.62721,11.22229],[37.62749,11.22229],[37.62749,11.22257],[37.62778,11.22257],[37.62778,11.22285],[37.62835,11.22285],[37.62834,11.22398],[37.62862,11.22398],[37.62862,11.22454],[37.62891,11.22454],[37.6289,11.22482],[37.62947,11.22482],[37.62948,11.22454],[37.63033,11.22455],[37.63033,11.22399],[37.63062,11.22399],[37.63061,11.22427],[37.63175,11.22427],[37.63175,11.22455],[37.63204,11.22456],[37.63203,11.22484],[37.63232,11.22484],[37.63232,11.22512],[37.63289,11.22512],[37.63289,11.2254],[37.63345,11.2254],[37.63345,11.22569],[37.63402,11.22569],[37.63402,11.22625],[37.63459,11.22625],[37.63459,11.22653],[37.63516,11.22654],[37.63516,11.22682],[37.63601,11.22682],[37.63601,11.2271],[37.63629,11.2271],[37.63629,11.22795],[37.63657,11.22795],[37.63657,11.22851],[37.63771,11.22851],[37.63771,11.22795],[37.63828,11.22796],[37.63828,11.22767],[37.63914,11.22768],[37.63914,11.22712],[37.63942,11.22712],[37.63942,11.22684],[37.64028,11.22684],[37.64028,11.22712],[37.64085,11.22712],[37.64085,11.22684],[37.6417,11.22685],[37.6417,11.22629],[37.64227,11.22629],[37.64228,11.2246],[37.64256,11.2246],[37.64257,11.22432],[37.64285,11.22432],[37.64285,11.22404],[37.64314,11.22404],[37.64314,11.22376],[37.64342,11.22376],[37.64342,11.22348],[37.64371,11.22349],[37.64371,11.22264],[37.644,11.22264],[37.644,11.2218],[37.64372,11.2218],[37.64372,11.22096],[37.644,11.22096],[37.64401,11.22068],[37.64429,11.22068],[37.64429,11.22012],[37.64458,11.22012],[37.64458,11.21984],[37.64486,11.21984],[37.64486,11.22012],[37.64515,11.22012],[37.64515,11.2204],[37.64571,11.2204],[37.64572,11.22012],[37.64628,11.22013],[37.64629,11.21984],[37.64657,11.21985],[37.64657,11.21957],[37.64771,11.21957],[37.64771,11.22013],[37.64885,11.22014],[37.64884,11.2207],[37.64941,11.2207],[37.64941,11.22098],[37.64998,11.22099],[37.64998,11.22127],[37.65083,11.22127],[37.65083,11.22099],[37.6514,11.22099],[37.6514,11.22155],[37.65225,11.22156],[37.65225,11.22128],[37.65254,11.22128],[37.65254,11.221],[37.65283,11.221],[37.65283,11.22072],[37.6534,11.22072],[37.65339,11.22128],[37.65368,11.22128],[37.65368,11.22156],[37.65396,11.22157],[37.65396,11.221],[37.65425,11.221],[37.65425,11.21988],[37.65482,11.21988],[37.65482,11.22016],[37.65539,11.22017],[37.65539,11.22045],[37.65624,11.22045],[37.65624,11.22129],[37.65652,11.2213],[37.65652,11.22101],[37.65795,11.22102],[37.65795,11.2213],[37.65823,11.2213],[37.65823,11.22215],[37.6588,11.22215],[37.65879,11.22243],[37.65908,11.22243],[37.65908,11.22271],[37.65993,11.22272],[37.65993,11.22243],[37.6605,11.22244],[37.6605,11.22216],[37.66278,11.22217],[37.66278,11.22245],[37.66335,11.22245],[37.66335,11.22217],[37.66392,11.22217],[37.66392,11.22133],[37.66449,11.22133],[37.66449,11.22105],[37.66478,11.22105],[37.66477,11.22133],[37.66563,11.22134],[37.66563,11.22106],[37.66677,11.22106],[37.66677,11.22078],[37.66705,11.22078],[37.66706,11.2205],[37.66677,11.2205],[37.66677,11.22022],[37.66706,11.22022],[37.66706,11.21994],[37.66763,11.21994],[37.66763,11.21966],[37.6682,11.21966],[37.6682,11.21882],[37.66849,11.21882],[37.66849,11.21854],[37.66906,11.21854],[37.66906,11.21826],[37.66991,11.21827],[37.66991,11.21798],[37.6702,11.21799],[37.6702,11.21771],[37.67105,11.21771],[37.67105,11.21799],[37.67219,11.21799],[37.67219,11.21828],[37.67247,11.21828],[37.67247,11.218],[37.6739,11.218],[37.67389,11.21828],[37.67418,11.21828],[37.67418,11.21857],[37.67446,11.21857],[37.67446,11.21829],[37.67589,11.21829],[37.67588,11.21857],[37.67617,11.21857],[37.67617,11.21886],[37.67645,11.21886],[37.67645,11.21914],[37.67674,11.21914],[37.67673,11.21942],[37.67702,11.21942],[37.67702,11.2197],[37.6773,11.2197],[37.6773,11.22027],[37.67758,11.22027],[37.67758,11.22055],[37.67787,11.22055],[37.67787,11.22083],[37.67815,11.22083],[37.67815,11.22111],[37.67957,11.22112],[37.67957,11.2214],[37.68014,11.2214],[37.68014,11.22168],[37.68071,11.22168],[37.6807,11.22309],[37.68099,11.22309],[37.68099,11.22337],[37.6807,11.22337],[37.6807,11.22421],[37.68098,11.22421],[37.68098,11.2245],[37.6824,11.2245],[37.6824,11.22478],[37.68297,11.22478],[37.68298,11.22338],[37.68326,11.22338],[37.68326,11.2231],[37.68355,11.2231],[37.68355,11.22282],[37.68412,11.22282],[37.68412,11.22254],[37.68469,11.22255],[37.68469,11.22198],[37.68526,11.22199],[37.68526,11.22255],[37.6864,11.22255],[37.68639,11.22283],[37.68696,11.22284],[37.68697,11.22227],[37.68839,11.22228],[37.68839,11.22256],[37.68924,11.22257],[37.68924,11.22285],[37.69066,11.22285],[37.69066,11.22229],[37.69237,11.2223],[37.69237,11.22202],[37.69323,11.22202],[37.69323,11.22174],[37.69351,11.22174],[37.69352,11.2209],[37.6938,11.2209],[37.6938,11.22062],[37.69437,11.22062],[37.69437,11.22006],[37.69466,11.22006],[37.69466,11.21978],[37.6958,11.21978],[37.6958,11.22007],[37.69551,11.22006],[37.69551,11.22091],[37.69522,11.22091],[37.69522,11.22147],[37.69551,11.22147],[37.6955,11.22175],[37.69636,11.22175],[37.69636,11.22203],[37.69693,11.22204],[37.69693,11.22176],[37.6975,11.22176],[37.69749,11.22232],[37.69806,11.22232],[37.69806,11.22373],[37.69834,11.22373],[37.69834,11.22401],[37.69862,11.22401],[37.69862,11.22457],[37.69891,11.22457],[37.6989,11.22514],[37.69919,11.22514],[37.69919,11.2257],[37.69947,11.2257],[37.69947,11.22626],[37.69975,11.22626],[37.69975,11.22654],[37.70004,11.22655],[37.70004,11.22683],[37.7006,11.22683],[37.7006,11.22711],[37.70231,11.22712],[37.70231,11.22796],[37.70202,11.22796],[37.70201,11.23021],[37.7023,11.23021],[37.7023,11.23049],[37.70286,11.23049],[37.70286,11.23077],[37.70343,11.23077],[37.70343,11.23106],[37.70372,11.23106],[37.70372,11.23049],[37.704,11.2305],[37.704,11.23021],[37.70429,11.23022],[37.70429,11.22965],[37.70458,11.22966],[37.70458,11.22937],[37.70486,11.22938],[37.70486,11.22909],[37.70543,11.2291],[37.70543,11.22882],[37.706,11.22882],[37.706,11.2291],[37.70629,11.2291],[37.70628,11.22938],[37.70685,11.22938],[37.70685,11.22967],[37.70799,11.22967],[37.70799,11.22995],[37.70884,11.22995],[37.70884,11.23024],[37.71055,11.23024],[37.71055,11.22968],[37.7114,11.22968],[37.7114,11.22997],[37.71169,11.22997],[37.71169,11.23025],[37.71197,11.23025],[37.71197,11.23053],[37.71311,11.23054],[37.71311,11.23025],[37.71339,11.23026],[37.71339,11.2311],[37.71396,11.2311],[37.71396,11.23138],[37.71424,11.23138],[37.71424,11.23279],[37.71452,11.23279],[37.71452,11.23307],[37.7148,11.23307],[37.7148,11.23335],[37.71509,11.23335],[37.71509,11.23363],[37.71566,11.23364],[37.71565,11.23392],[37.71679,11.23392],[37.71679,11.23364],[37.71708,11.23364],[37.71708,11.23308],[37.71822,11.23309],[37.71822,11.23337],[37.71936,11.23337],[37.71935,11.23393],[37.71992,11.23394],[37.71993,11.23337],[37.72049,11.23338],[37.7205,11.2331],[37.72078,11.2331],[37.72078,11.23282],[37.7205,11.23281],[37.7205,11.23253],[37.72078,11.23253],[37.72078,11.23225],[37.7205,11.23225],[37.72051,11.23085],[37.72022,11.23085],[37.72022,11.23057],[37.71965,11.23056],[37.71965,11.23028],[37.71937,11.23028],[37.71937,11.22972],[37.71966,11.22972],[37.71966,11.22916],[37.71994,11.22916],[37.71995,11.22888],[37.71966,11.22888],[37.71966,11.22803],[37.72023,11.22804],[37.72024,11.22776],[37.72052,11.22776],[37.72052,11.2272],[37.72081,11.2272],[37.72081,11.22692],[37.72138,11.22692],[37.72138,11.22608],[37.72167,11.22608],[37.72167,11.22552],[37.72224,11.22552],[37.72224,11.22496],[37.72309,11.22496],[37.7231,11.2244],[37.72338,11.2244],[37.72338,11.22328],[37.72367,11.22328],[37.72367,11.223],[37.72424,11.223],[37.72424,11.22328],[37.72481,11.22328],[37.72481,11.223],[37.72509,11.223],[37.72509,11.22328],[37.72538,11.22328],[37.72538,11.22356],[37.72566,11.22357],[37.72566,11.22385],[37.72708,11.22385],[37.72708,11.22357],[37.72879,11.22358],[37.72879,11.22386],[37.73021,11.22387],[37.73021,11.22359],[37.73078,11.22359],[37.73078,11.22387],[37.7322,11.22387],[37.7322,11.22416],[37.73249,11.22416],[37.73249,11.22388],[37.73277,11.22388],[37.73277,11.22416],[37.73419,11.22416],[37.7342,11.2236],[37.73448,11.2236],[37.73449,11.22276],[37.73477,11.22276],[37.73477,11.22248],[37.73534,11.22248],[37.73534,11.2222],[37.73591,11.2222],[37.73591,11.22192],[37.73762,11.22193],[37.73762,11.22221],[37.7379,11.22221],[37.7379,11.22193],[37.73847,11.22193],[37.73847,11.22165],[37.73933,11.22166],[37.73933,11.22194],[37.7399,11.22194],[37.73989,11.22222],[37.74046,11.22222],[37.74046,11.2225],[37.74075,11.22251],[37.74075,11.22279],[37.74131,11.22279],[37.74131,11.22307],[37.7416,11.22307],[37.7416,11.22363],[37.74188,11.22363],[37.74188,11.22392],[37.74216,11.22392],[37.74216,11.22448],[37.74245,11.22448],[37.74244,11.22504],[37.7433,11.22505],[37.7433,11.22533],[37.74358,11.22533],[37.74358,11.22561],[37.74329,11.22561],[37.74329,11.22589],[37.74358,11.22589],[37.74358,11.22617],[37.74415,11.22617],[37.74415,11.22589],[37.74443,11.22589],[37.74443,11.22617],[37.74471,11.22618],[37.74471,11.22646],[37.74528,11.22646],[37.74528,11.22674],[37.74557,11.22674],[37.74556,11.2273],[37.74699,11.22731],[37.74699,11.22759],[37.74727,11.22759],[37.74727,11.22787],[37.74812,11.22787],[37.74812,11.22759],[37.74955,11.2276],[37.74954,11.22788],[37.75011,11.22788],[37.75011,11.22816],[37.75097,11.22817],[37.75097,11.22845],[37.75153,11.22845],[37.75153,11.22873],[37.75182,11.22873],[37.75182,11.22901],[37.75239,11.22902],[37.75238,11.2293],[37.75267,11.2293],[37.75267,11.22958],[37.75295,11.22958],[37.75295,11.2293],[37.75352,11.2293],[37.75353,11.22874],[37.75409,11.22874],[37.7541,11.22846],[37.75466,11.22846],[37.75467,11.22818],[37.75495,11.22818],[37.75495,11.2279],[37.75552,11.22791],[37.75552,11.22763],[37.75581,11.22763],[37.75581,11.22735],[37.75723,11.22735],[37.75808,11.22735],[37.75809,11.22679],[37.75866,11.2268],[37.75865,11.22708],[37.75922,11.22708],[37.75922,11.2268],[37.75979,11.2268],[37.75979,11.22708],[37.76008,11.22708],[37.76008,11.22736],[37.76093,11.22737],[37.76093,11.22765],[37.76121,11.22765],[37.76121,11.22737],[37.7615,11.22737],[37.7615,11.22709],[37.76292,11.22709],[37.76292,11.22681],[37.76321,11.22681],[37.76321,11.22653],[37.7652,11.22654],[37.7652,11.22738],[37.76548,11.22739],[37.76548,11.22767],[37.76577,11.22767],[37.76576,11.22823],[37.76662,11.22823],[37.76662,11.22851],[37.7669,11.22852],[37.7669,11.2288],[37.76718,11.2288],[37.76718,11.22936],[37.76747,11.22936],[37.76747,11.22964],[37.76775,11.22964],[37.76775,11.22992],[37.76832,11.22993],[37.76832,11.23021],[37.7686,11.23021],[37.7686,11.23049],[37.76888,11.23049],[37.76888,11.23077],[37.76945,11.23077],[37.76945,11.23105],[37.77002,11.23106],[37.77002,11.23134],[37.7703,11.23134],[37.7703,11.23331],[37.77058,11.23331],[37.77057,11.23471],[37.77001,11.23471],[37.77,11.23583],[37.77028,11.23583],[37.77028,11.23696],[37.77056,11.23696],[37.77056,11.23752],[37.77028,11.23752],[37.77028,11.2378],[37.77056,11.2378],[37.77056,11.23864],[37.77198,11.23865],[37.77198,11.23893],[37.77255,11.23893],[37.77255,11.23921],[37.77283,11.23922],[37.77283,11.24062],[37.77339,11.24062],[37.77339,11.2409],[37.77396,11.24091],[37.77396,11.24062],[37.77425,11.24063],[37.77425,11.24091],[37.77482,11.24091],[37.77482,11.24119],[37.77538,11.24119],[37.77538,11.24147],[37.77567,11.24147],[37.77567,11.24176],[37.77595,11.24176],[37.77595,11.24204],[37.77623,11.24204],[37.77623,11.2426],[37.77652,11.2426],[37.77652,11.24288],[37.7768,11.24288],[37.7768,11.24316],[37.77708,11.24317],[37.77708,11.24345],[37.77737,11.24345],[37.77737,11.24373],[37.77765,11.24373],[37.77765,11.24401],[37.77793,11.24401],[37.77793,11.24457],[37.77822,11.24458],[37.77822,11.24486],[37.77878,11.24486],[37.77878,11.24514],[37.77907,11.24514],[37.77907,11.24542],[37.77964,11.24542],[37.77963,11.2457],[37.77992,11.24571],[37.77992,11.24599],[37.7802,11.24599],[37.7802,11.24655],[37.78048,11.24655],[37.78048,11.24683],[37.78077,11.24683],[37.78077,11.24711],[37.78105,11.24712],[37.78105,11.24824],[37.78133,11.24824],[37.78133,11.2488],[37.78161,11.2488],[37.78161,11.24936],[37.7819,11.24937],[37.78189,11.24965],[37.78275,11.24965],[37.78275,11.24993],[37.78303,11.24993],[37.78303,11.25021],[37.78388,11.25022],[37.78388,11.2505],[37.78417,11.2505],[37.78417,11.25078],[37.78445,11.25078],[37.78445,11.25106],[37.78502,11.25106],[37.78502,11.25135],[37.7853,11.25135],[37.7853,11.25191],[37.78558,11.25191],[37.78558,11.25219],[37.78615,11.25219],[37.78615,11.25247],[37.78843,11.25248],[37.78843,11.25276],[37.78871,11.25277],[37.78871,11.25305],[37.78928,11.25305],[37.78928,11.25333],[37.78985,11.25333],[37.78985,11.25361],[37.79042,11.25361],[37.79041,11.2539],[37.7907,11.2539],[37.7907,11.25418],[37.79155,11.25418],[37.79155,11.2539],[37.79184,11.2539],[37.79184,11.25362],[37.79241,11.25362],[37.79241,11.25334],[37.79355,11.25335],[37.79355,11.25307],[37.79383,11.25307],[37.79383,11.25279],[37.79412,11.25279],[37.79412,11.25307],[37.79469,11.25307],[37.79469,11.25335],[37.79554,11.25335],[37.79554,11.25364],[37.79611,11.25364],[37.79611,11.25392],[37.79639,11.25392],[37.79639,11.2542],[37.79667,11.2542],[37.79667,11.25448],[37.79724,11.25449],[37.79724,11.25477],[37.7981,11.25477],[37.79809,11.25505],[37.79838,11.25505],[37.79838,11.25533],[37.79866,11.25533],[37.79866,11.25561],[37.79895,11.25562],[37.79894,11.2559],[37.79923,11.2559],[37.79923,11.25618],[37.79894,11.25618],[37.79894,11.25674],[37.79979,11.25674],[37.79979,11.25702],[37.80008,11.25703],[37.80008,11.25731],[37.80036,11.25731],[37.80036,11.25759],[37.80121,11.25759],[37.80121,11.25787],[37.80349,11.25788],[37.80349,11.25816],[37.80434,11.25817],[37.80434,11.25845],[37.8052,11.25845],[37.80519,11.25873],[37.80491,11.25873],[37.80491,11.25929],[37.80462,11.25929],[37.80462,11.25957],[37.80434,11.25957],[37.80433,11.26013],[37.80405,11.26013],[37.80405,11.26097],[37.80376,11.26097],[37.80376,11.2621],[37.80433,11.2621],[37.80433,11.26234],[37.81042,11.25625],[37.83125,11.25625],[37.83958,11.24792],[37.84375,11.24792],[37.84792,11.24375],[37.85208,11.24375],[37.85625,11.23958],[37.86042,11.23542],[37.86458,11.23542],[37.86875,11.23125],[37.86875,11.22708],[37.87708,11.21875],[37.88125,11.21875],[37.88958,11.21875],[37.89375,11.21458],[37.90625,11.21458],[37.91042,11.21042],[37.91458,11.21458],[37.92292,11.21458],[37.92708,11.21042],[37.93125,11.20625],[37.93542,11.20625],[37.93958,11.20208],[37.94375,11.20208],[37.94792,11.19792],[37.94792,11.19375],[37.95625,11.19375],[37.96042,11.19792],[37.96875,11.19792],[37.97292,11.20208],[37.99375,11.20208],[37.99792,11.20208],[38.00625,11.19375],[38.00625,11.18542],[38.01458,11.17708],[38.01875,11.17708],[38.02292,11.17292],[38.03542,11.17292],[38.05208,11.17292],[38.05625,11.17292],[38.06875,11.16042],[38.07708,11.16042],[38.08125,11.15625],[38.09792,11.15625],[38.11875,11.15625],[38.12292,11.15625],[38.12708,11.16042],[38.13958,11.16042],[38.14375,11.16458],[38.14792,11.16042],[38.15625,11.16042],[38.16042,11.15625],[38.16458,11.15208],[38.16875,11.15208],[38.17292,11.14792],[38.17708,11.14375],[38.18542,11.14375],[38.19375,11.14375],[38.19792,11.13958],[38.21042,11.13958],[38.21458,11.14375],[38.21875,11.14375],[38.22292,11.14792],[38.22708,11.14792],[38.23125,11.15208],[38.23542,11.15208],[38.23958,11.15625],[38.24792,11.15625],[38.25208,11.15208],[38.25625,11.15208],[38.26042,11.14792],[38.26458,11.14792],[38.26875,11.14375],[38.27708,11.14375],[38.28125,11.14375],[38.28958,11.15208],[38.29792,11.15208],[38.31042,11.13958],[38.31458,11.13958],[38.32292,11.13125],[38.32708,11.13125],[38.33958,11.11875],[38.33958,11.11458],[38.34375,11.11042],[38.36042,11.11042],[38.36458,11.10625],[38.37292,11.10625],[38.39375,11.08542],[38.39792,11.08542],[38.40208,11.08125],[38.40625,11.08125],[38.41042,11.07708],[38.41875,11.07708],[38.42708,11.08542],[38.43506,11.08542],[38.43958,11.08542],[38.44792,11.07708],[38.44792,11.07292],[38.46458,11.05625],[38.46458,11.05208],[38.46875,11.04792],[38.47292,11.04375],[38.47292,11.03958],[38.47708,11.03542],[38.48125,11.03125],[38.48125,11.02708],[38.48542,11.02292],[38.48542,11.01875],[38.48958,11.01458],[38.48958,11.00208],[38.49375,10.99792],[38.49375,10.99375],[38.49792,10.98958],[38.49792,10.98542],[38.50208,10.98125],[38.50208,10.97708],[38.49375,10.96875],[38.49375,10.96458],[38.50208,10.95625],[38.50208,10.94792],[38.51458,10.93542],[38.51458,10.92708],[38.51875,10.92292],[38.51875,10.91458],[38.52292,10.91042],[38.52292,10.90625],[38.52708,10.90208],[38.52708,10.87292],[38.52292,10.86875],[38.52292,10.86042],[38.51875,10.85625],[38.51875,10.85208],[38.51042,10.84375],[38.51042,10.83958],[38.51458,10.83542],[38.51458,10.83125],[38.51875,10.82708],[38.51875,10.81875],[38.52292,10.81458],[38.52292,10.81042],[38.52708,10.80625],[38.52708,10.79375],[38.53125,10.78958],[38.53125,10.78542],[38.51875,10.77292],[38.51875,10.76875],[38.51458,10.76458],[38.51458,10.76042],[38.51042,10.75625],[38.51042,10.75208],[38.51042,10.73542],[38.51458,10.73125],[38.51458,10.72708],[38.51042,10.72292],[38.51042,10.71042],[38.51458,10.70625],[38.51458,10.70208],[38.51875,10.69792],[38.51875,10.69375],[38.51042,10.68542],[38.51042,10.66875],[38.50625,10.66458],[38.50208,10.66458],[38.49792,10.66042],[38.49792,10.65208],[38.48958,10.64375],[38.48542,10.64375],[38.48125,10.63958],[38.48125,10.63542],[38.47708,10.63125],[38.47708,10.61875],[38.47292,10.61458],[38.47292,10.61042],[38.47292,10.60208],[38.46458,10.59375],[38.46458,10.58958],[38.46875,10.58542],[38.46875,10.57708],[38.47292,10.57292],[38.47292,10.57167],[38.47292,10.56875],[38.46875,10.56458],[38.46875,10.54792],[38.46875,10.54375],[38.47292,10.53958],[38.47292,10.52884],[38.47292,10.52708],[38.48125,10.51875],[38.48125,10.51458],[38.48542,10.51042],[38.48125,10.50625],[38.48125,10.49792],[38.48542,10.49375],[38.48542,10.48958],[38.48958,10.48542],[38.48958,10.47292],[38.48125,10.46458],[38.48542,10.46042],[38.48542,10.45625],[38.48542,10.44792],[38.48958,10.44375],[38.48958,10.43125],[38.48542,10.42708],[38.48542,10.40208],[38.48958,10.39792],[38.49375,10.39375],[38.48958,10.38958],[38.48958,10.37708],[38.49375,10.37292],[38.48958,10.36875],[38.48542,10.36875],[38.48125,10.36458],[38.48125,10.35625],[38.48542,10.35208],[38.48542,10.34792],[38.47708,10.33958],[38.47708,10.33125],[38.48125,10.32708],[38.48125,10.32292],[38.46875,10.31042],[38.47292,10.30625],[38.47292,10.30208],[38.46875,10.29792],[38.46458,10.29792],[38.46042,10.29375],[38.46042,10.28958],[38.46042,10.28542],[38.46458,10.28125],[38.46875,10.27708],[38.46042,10.26875],[38.46042,10.25208],[38.46036,10.25203],[38.45625,10.24792],[38.45208,10.24792],[38.44375,10.23958],[38.43958,10.23958],[38.43125,10.23125],[38.42292,10.22292],[38.42292,10.21875],[38.42708,10.21458],[38.42708,10.20625],[38.43542,10.19792],[38.42708,10.18958],[38.42708,10.18542],[38.43125,10.18125],[38.41875,10.16875],[38.41458,10.16875],[38.41042,10.16458],[38.40625,10.16042],[38.40625,10.15208],[38.40208,10.14792],[38.38125,10.14792],[38.37708,10.14375],[38.36875,10.14375],[38.36042,10.15208],[38.36042,10.15625],[38.35208,10.16458],[38.34792,10.16458],[38.33958,10.15625],[38.33542,10.15208],[38.33542,10.14375],[38.32708,10.13542],[38.32708,10.12708],[38.33125,10.12292],[38.33125,10.11458],[38.32708,10.11042],[38.32292,10.11042],[38.31875,10.11458],[38.31042,10.11458],[38.30625,10.11042],[38.30625,10.09792],[38.30208,10.09375],[38.28542,10.09375],[38.28125,10.09792],[38.27292,10.09792],[38.26875,10.09375],[38.26458,10.09375],[38.26042,10.08958],[38.25625,10.09375],[38.25625,10.10208],[38.25208,10.10625],[38.23958,10.10625],[38.23542,10.10208],[38.23125,10.10208],[38.21875,10.08958],[38.21042,10.08958],[38.20208,10.08125],[38.19792,10.08125],[38.19375,10.07708],[38.18542,10.06875],[38.18125,10.06875],[38.17292,10.06042],[38.17292,10.05625],[38.16042,10.04375],[38.15625,10.03958],[38.15208,10.03958],[38.13958,10.05208],[38.13542,10.05208],[38.12708,10.04375],[38.12708,10.03958],[38.12292,10.03542],[38.12292,10.02292],[38.11875,10.01875],[38.11458,10.01875],[38.10625,10.02708],[38.10208,10.02708],[38.08958,10.02708],[38.08542,10.02292],[38.08542,10.01042],[38.08125,10.00625],[38.07292,10.00625],[38.06875,10.00625],[38.06458,10.00208],[38.06458,9.99375],[38.06042,9.98958],[38.05625,9.98958],[38.05208,9.98542],[38.03958,9.97292],[38.03125,9.97292],[38.01458,9.97292],[37.99792,9.95625],[37.97708,9.95625],[37.96875,9.94792],[37.96458,9.94792],[37.96042,9.94375],[37.95208,9.94375],[37.94792,9.94792],[37.93958,9.94792],[37.93542,9.94792],[37.93125,9.94375],[37.93125,9.93958],[37.93542,9.93542],[37.93542,9.92708],[37.93125,9.92292],[37.92708,9.92292],[37.91458,9.93542],[37.90208,9.93542],[37.89792,9.93125],[37.88958,9.93125],[37.88542,9.92708],[37.88125,9.92708],[37.87708,9.92292],[37.87708,9.91875],[37.87292,9.91458],[37.86875,9.91875],[37.86042,9.91042],[37.86042,9.90625],[37.85625,9.90208],[37.85208,9.90208],[37.84792,9.90208],[37.82292,9.87708],[37.81875,9.87292],[37.80625,9.87292],[37.80208,9.86875],[37.79792,9.86875],[37.79375,9.86875],[37.78958,9.86458],[37.77708,9.86458],[37.77292,9.86042],[37.76875,9.85625],[37.76458,9.86042],[37.76042,9.86042],[37.75625,9.86458],[37.74792,9.85625],[37.74792,9.85208],[37.74375,9.84792],[37.73958,9.84792],[37.73542,9.85208],[37.72292,9.85208],[37.71875,9.84792],[37.71042,9.84792],[37.70625,9.84375],[37.70208,9.84375],[37.69792,9.84792],[37.69792,9.85208],[37.69188,9.85812],[37.68125,9.86875],[37.67708,9.86458],[37.66875,9.86458],[37.66458,9.86875],[37.66042,9.86875],[37.65208,9.87708],[37.65208,9.88125],[37.64375,9.88958],[37.63958,9.88958],[37.63542,9.89375],[37.62708,9.89375],[37.62292,9.89792],[37.62292,9.91042],[37.61875,9.91458],[37.61458,9.91458],[37.61042,9.91875],[37.60625,9.91875],[37.60208,9.92292],[37.59792,9.92292],[37.59375,9.92708],[37.59375,9.93125],[37.59375,9.93958],[37.58958,9.94375],[37.58542,9.94375],[37.58125,9.94792],[37.57708,9.94792],[37.56875,9.95625],[37.56458,9.95625],[37.55625,9.96458],[37.55625,9.97708],[37.55208,9.98125],[37.54792,9.98542],[37.54375,9.98542],[37.54375,9.98958],[37.53958,9.99375],[37.53958,9.99792],[37.53542,10.00208],[37.53125,10.00208],[37.52708,10.00625],[37.51458,10.00625],[37.51042,10.00208],[37.50625,10.00208],[37.50208,10.00208],[37.49792,10.00625],[37.49375,10.00625],[37.48958,10.01042],[37.48542,10.01042],[37.47708,10.01875],[37.44792,10.01875],[37.43542,10.03125],[37.42708,10.03958],[37.42292,10.03958],[37.41875,10.04375],[37.41458,10.04375],[37.41042,10.04792],[37.40625,10.04792],[37.40208,10.05208],[37.39375,10.05208],[37.38958,10.05208],[37.38125,10.04375],[37.37708,10.04792],[37.36458,10.04792],[37.36042,10.04375],[37.36042,10.03542],[37.35625,10.03125],[37.35625,10.01875],[37.34792,10.01042],[37.33958,10.01042],[37.33125,10.01042],[37.32292,10.01875],[37.32292,10.02292],[37.31875,10.02708],[37.31458,10.02708],[37.31042,10.03125],[37.31042,10.03542],[37.30625,10.03958],[37.30625,10.04375],[37.30208,10.04792],[37.30208,10.05625],[37.29792,10.06042],[37.29792,10.06458],[37.28958,10.07292],[37.28125,10.07292],[37.27708,10.07708],[37.27292,10.08125],[37.24375,10.08125],[37.23958,10.08542],[37.23125,10.08542],[37.22708,10.08958],[37.22292,10.08958],[37.21042,10.10208],[37.19792,10.11458],[37.19792,10.11875],[37.19375,10.12292],[37.19375,10.12708],[37.18958,10.13125],[37.18958,10.14375],[37.18542,10.14792],[37.18542,10.15208],[37.17708,10.16042],[37.17708,10.16458],[37.17292,10.16875],[37.17292,10.17292],[37.17708,10.17708],[37.17708,10.18125],[37.18958,10.19375],[37.18958,10.19792],[37.19792,10.20625],[37.19792,10.21042],[37.20208,10.21458],[37.20208,10.21875],[37.20625,10.22292],[37.20625,10.23125],[37.20208,10.23542],[37.19375,10.24375],[37.18958,10.24792],[37.17292,10.24792],[37.16875,10.25208],[37.15208,10.25208],[37.14375,10.25208],[37.12708,10.25208],[37.12292,10.25625],[37.11458,10.25625],[37.11042,10.26042],[37.10625,10.26042],[37.10208,10.26458],[37.09375,10.26458],[37.08958,10.26458],[37.06875,10.28542],[37.05999,10.28542],[37.05625,10.28542],[37.05208,10.28958],[37.04792,10.28958],[37.03542,10.28958],[37.03323,10.28958]]]}}